Protocollo;Gruppo;DataOraIncidente;Localizzazione1;STRADA1;Localizzazione2;STRADA2;Strada02;Chilometrica;DaSpecificare;NaturaIncidente;particolaritastrade;TipoStrada;FondoStradale;Pavimentazione;Segnaletica;CondizioneAtmosferica;Traffico;Visibilita;Illuminazione;NUM_FERITI;NUM_RISERVATA;NUM_MORTI;NUM_ILLESI;Longitudine;Latitudine;Confermato;Progressivo;TipoVeicolo;StatoVeicolo;TipoPersona;Sesso;Tipolesione;Deceduto;DecedutoDopo;CinturaCascoUtilizzato;Airbag
1665828;15;11/01/2006 13:00;Strada Urbana;VIA DEL FOSSO DELLA MAGLIANA;in prossimità;;del civico n. ;34/G;;Infortunio per caduta del veicolo;Rettilineo;Una carreggiata a doppio senso;Asciutto;Asfaltata;Orizzontale;Sereno;Normale;Buona;Ore Diurne;1;0;0;2;;;-1;1;Autocarro superiore 35 q.;In marcia / fermata / arresto;Conducente;M;Illeso;0;;Utilizzato;Inesistente
1665828;15;11/01/2006 13:00;Strada Urbana;VIA DEL FOSSO DELLA MAGLIANA;in prossimità;;del civico n. ;34/G;;Infortunio per caduta del veicolo;Rettilineo;Una carreggiata a doppio senso;Asciutto;Asfaltata;Orizzontale;Sereno;Normale;Buona;Ore Diurne;1;0;0;2;;;-1;2;Autocarro inferiore 35 q.;In marcia / fermata / arresto;Conducente;M;Illeso;0;;Utilizzato;Inesistente
1665828;15;11/01/2006 13:00;Strada Urbana;VIA DEL FOSSO DELLA MAGLIANA;in prossimità;;del civico n. ;34/G;;Infortunio per caduta del veicolo;Rettilineo;Una carreggiata a doppio senso;Asciutto;Asfaltata;Orizzontale;Sereno;Normale;Buona;Ore Diurne;1;0;0;2;;;-1;2;Autocarro inferiore 35 q.;In marcia / fermata / arresto;Passeggero;F;Rimandato;0;NON DECEDUTO;Utilizzato;Inesistente
1665829;15;11/01/2006 21:40;Strada Urbana;VIA PORTUENSE;all'intersezione con;VIA DEGLI ORTI DI CESARE;VIA DEGLI ORTI DI CESARE;;;Scontro frontale/laterale SX fra veicoli in marcia;Incrocio;Una carreggiata a doppio senso;Asciutto;Asfaltata;Verticale ed orizzontale;Sereno;Normale;Sufficiente;Sufficiente;2;0;2;3;;;-1;1;Autovettura privata;In marcia / fermata / arresto;Conducente;M;Deceduto durante prime cure;-1;;Non accertato;Esploso
1665829;15;11/01/2006 21:40;Strada Urbana;VIA PORTUENSE;all'intersezione con;VIA DEGLI ORTI DI CESARE;VIA DEGLI ORTI DI CESARE;;;Scontro frontale/laterale SX fra veicoli in marcia;Incrocio;Una carreggiata a doppio senso;Asciutto;Asfaltata;Verticale ed orizzontale;Sereno;Normale;Sufficiente;Sufficiente;2;0;2;3;;;-1;1;Autovettura privata;In marcia / fermata / arresto;Passeggero;F;Deceduto durante prime cure;-1;;Non accertato;Esploso
1665829;15;11/01/2006 21:40;Strada Urbana;VIA PORTUENSE;all'intersezione con;VIA DEGLI ORTI DI CESARE;VIA DEGLI ORTI DI CESARE;;;Scontro frontale/laterale SX fra veicoli in marcia;Incrocio;Una carreggiata a doppio senso;Asciutto;Asfaltata;Verticale ed orizzontale;Sereno;Normale;Sufficiente;Sufficiente;2;0;2;3;;;-1;2;Autovettura privata;In marcia / fermata / arresto;Conducente;M;Ricoverato;0;NON DECEDUTO;Non accertato;Inesploso
1665829;15;11/01/2006 21:40;Strada Urbana;VIA PORTUENSE;all'intersezione con;VIA DEGLI ORTI DI CESARE;VIA DEGLI ORTI DI CESARE;;;Scontro frontale/laterale SX fra veicoli in marcia;Incrocio;Una carreggiata a doppio senso;Asciutto;Asfaltata;Verticale ed orizzontale;Sereno;Normale;Sufficiente;Sufficiente;2;0;2;3;;;-1;2;Autovettura privata;In marcia / fermata / arresto;Passeggero;M;Illeso;0;;Non accertato;Inesploso
1665829;15;11/01/2006 21:40;Strada Urbana;VIA PORTUENSE;all'intersezione con;VIA DEGLI ORTI DI CESARE;VIA DEGLI ORTI DI CESARE;;;Scontro frontale/laterale SX fra veicoli in marcia;Incrocio;Una carreggiata a doppio senso;Asciutto;Asfaltata;Verticale ed orizzontale;Sereno;Normale;Sufficiente;Sufficiente;2;0;2;3;;;-1;3;Autovettura privata;In marcia / fermata / arresto;Conducente;M;Illeso;0;;Non accertato;Inesploso
1665829;15;11/01/2006 21:40;Strada Urbana;VIA PORTUENSE;all'intersezione con;VIA DEGLI ORTI DI CESARE;VIA DEGLI ORTI DI CESARE;;;Scontro frontale/laterale SX fra veicoli in marcia;Incrocio;Una carreggiata a doppio senso;Asciutto;Asfaltata;Verticale ed orizzontale;Sereno;Normale;Sufficiente;Sufficiente;2;0;2;3;;;-1;3;Autovettura privata;In marcia / fermata / arresto;Passeggero;F;Illeso;0;;Non accertato;Inesploso
1665829;15;11/01/2006 21:40;Strada Urbana;VIA PORTUENSE;all'intersezione con;VIA DEGLI ORTI DI CESARE;VIA DEGLI ORTI DI CESARE;;;Scontro frontale/laterale SX fra veicoli in marcia;Incrocio;Una carreggiata a doppio senso;Asciutto;Asfaltata;Verticale ed orizzontale;Sereno;Normale;Sufficiente;Sufficiente;2;0;2;3;;;-1;4;Ciclomotore;In marcia / fermata / arresto;Conducente;M;Ricoverato;0;NON DECEDUTO;Utilizzato;Inesistente
1665830;16;08/01/2006 12:35;Strada Urbana;VIA VITELLIA;in corrispondenza;;del civico n. ;95/A;;Veicolo in marcia contro veicolo in sosta;Pendenza;Una carreggiata a doppio senso;Asciutto;Asfaltata;Verticale;Sereno;Normale;Buona;Ore Diurne;0;0;0;1;;;-1;1;Autobus urbano;In marcia / fermata / arresto;Conducente;M;Illeso;0;;Non accertato;Inesistente
1665831;16;08/01/2006 20:30;Strada Urbana;VIA FEDERICO OZANAM;all'intersezione semaforizzata con;PIAZZA DI DONNA OLIMPIA;PIAZZA DI DONNA OLIMPIA;;;Scontro laterale fra veicoli in marcia;Intersezione semaforizzata;Una carreggiata a doppio senso;Asciutto;Asfaltata;Verticale ed orizzontale;Sereno;Normale;Buona;Sufficiente;0;0;0;2;;;-1;1;Autovettura privata;In marcia / fermata / arresto;Conducente;M;Illeso;0;;Non accertato;Inesistente
1665831;16;08/01/2006 20:30;Strada Urbana;VIA FEDERICO OZANAM;all'intersezione semaforizzata con;PIAZZA DI DONNA OLIMPIA;PIAZZA DI DONNA OLIMPIA;;;Scontro laterale fra veicoli in marcia;Intersezione semaforizzata;Una carreggiata a doppio senso;Asciutto;Asfaltata;Verticale ed orizzontale;Sereno;Normale;Buona;Sufficiente;0;0;0;2;;;-1;2;Autovettura privata;In marcia / fermata / arresto;Conducente;M;Illeso;0;;Non accertato;Inesistente
1665832;16;09/01/2006 10:15;Strada Urbana;VIALE DELLE MURA AURELIE;all'intersezione con;VIA DI S. PANCRAZIO;VIA DI S. PANCRAZIO;;;Tamponamento;Intersezione stradale segnalata;Una carreggiata a doppio senso;Asciutto;Asfaltata;Assente;Sereno;Normale;Buona;Ore Diurne;1;0;0;2;;;-1;1;Autovettura privata;In marcia / fermata / arresto;Conducente;F;Rimandato;0;NON DECEDUTO;Non accertato;Inesistente
1665832;16;09/01/2006 10:15;Strada Urbana;VIALE DELLE MURA AURELIE;all'intersezione con;VIA DI S. PANCRAZIO;VIA DI S. PANCRAZIO;;;Tamponamento;Intersezione stradale segnalata;Una carreggiata a doppio senso;Asciutto;Asfaltata;Assente;Sereno;Normale;Buona;Ore Diurne;1;0;0;2;;;-1;2;Autovettura privata;In marcia / fermata / arresto;Conducente;M;Illeso;0;;Non accertato;Inesistente
1665832;16;09/01/2006 10:15;Strada Urbana;VIALE DELLE MURA AURELIE;all'intersezione con;VIA DI S. PANCRAZIO;VIA DI S. PANCRAZIO;;;Tamponamento;Intersezione stradale segnalata;Una carreggiata a doppio senso;Asciutto;Asfaltata;Assente;Sereno;Normale;Buona;Ore Diurne;1;0;0;2;;;-1;2;Autovettura privata;In marcia / fermata / arresto;Passeggero;F;Illeso;0;;Non accertato;Inesistente
1665833;16;09/01/2006 13:15;Strada Urbana;VIA DI BRAVETTA;in prossimità;;del civico n. ;125;;Tamponamento Multiplo;Rettilineo;Una carreggiata a doppio senso;Asciutto;Asfaltata;Orizzontale;Sereno;Normale;Buona;Ore Diurne;1;0;0;3;;;-1;1;Autovettura privata;In marcia / fermata / arresto;Conducente;F;Illeso;0;;Non accertato;Inesistente
1665833;16;09/01/2006 13:15;Strada Urbana;VIA DI BRAVETTA;in prossimità;;del civico n. ;125;;Tamponamento Multiplo;Rettilineo;Una carreggiata a doppio senso;Asciutto;Asfaltata;Orizzontale;Sereno;Normale;Buona;Ore Diurne;1;0;0;3;;;-1;2;Quadriciclo leggero;In marcia / fermata / arresto;Conducente;M;Illeso;0;;Non accertato;Inesistente
1665833;16;09/01/2006 13:15;Strada Urbana;VIA DI BRAVETTA;in prossimità;;del civico n. ;125;;Tamponamento Multiplo;Rettilineo;Una carreggiata a doppio senso;Asciutto;Asfaltata;Orizzontale;Sereno;Normale;Buona;Ore Diurne;1;0;0;3;;;-1;2;Quadriciclo leggero;In marcia / fermata / arresto;Passeggero;F;Ricoverato;0;NON DECEDUTO;Non accertato;Inesistente
1665833;16;09/01/2006 13:15;Strada Urbana;VIA DI BRAVETTA;in prossimità;;del civico n. ;125;;Tamponamento Multiplo;Rettilineo;Una carreggiata a doppio senso;Asciutto;Asfaltata;Orizzontale;Sereno;Normale;Buona;Ore Diurne;1;0;0;3;;;-1;3;Autovettura privata;In marcia / fermata / arresto;Conducente;M;Illeso;0;;Non utilizzato;Inesistente
1665834;16;09/01/2006 17:55;Strada Urbana;CIRCONVALLAZIONE GIANICOLENSE;all'intersezione semaforizzata con;VIA S. GIROLAMO EMILIANI;VIA S. GIROLAMO EMILIANI;;;Scontro frontale/laterale DX fra veicoli in marcia;Incrocio;Più di due carreggiate;Asciutto;Asfaltata;Verticale ed orizzontale;Sereno;Normale;Buona;Sufficiente;1;0;0;1;;;-1;1;Autovettura privata;In marcia / fermata / arresto;Conducente;F;Illeso;0;;Non accertato;Inesistente
1665834;16;09/01/2006 17:55;Strada Urbana;CIRCONVALLAZIONE GIANICOLENSE;all'intersezione semaforizzata con;VIA S. GIROLAMO EMILIANI;VIA S. GIROLAMO EMILIANI;;;Scontro frontale/laterale DX fra veicoli in marcia;Incrocio;Più di due carreggiate;Asciutto;Asfaltata;Verticale ed orizzontale;Sereno;Normale;Buona;Sufficiente;1;0;0;1;;;-1;2;Ciclomotore;In marcia / fermata / arresto;Conducente;F;Ricoverato;0;NON DECEDUTO;Non accertato;Inesistente
1665835;16;11/01/2006 11:20;Strada Urbana;VIALE AURELIO SAFFI;in corrispondenza;;del civico n. ;2;;Scontro laterale fra veicoli in marcia;Rettilineo;Una carreggiata a doppio senso;Asciutto;Asfaltata;Orizzontale;Sereno;Normale;Buona;Ore Diurne;0;0;0;2;;;-1;1;Autovettura privata;In marcia / fermata / arresto;Conducente;F;Illeso;0;;Non accertato;Inesistente
1665835;16;11/01/2006 11:20;Strada Urbana;VIALE AURELIO SAFFI;in corrispondenza;;del civico n. ;2;;Scontro laterale fra veicoli in marcia;Rettilineo;Una carreggiata a doppio senso;Asciutto;Asfaltata;Orizzontale;Sereno;Normale;Buona;Ore Diurne;0;0;0;2;;;-1;2;Autovettura privata;In marcia / fermata / arresto;Conducente;M;Illeso;0;;Non accertato;Inesistente
1665915;6;01/01/2006 00:15;Strada Urbana;VIA CASILINA;in prossimità;;del civico n. ;222/224;;Veicoli in marcia contro veicoli fermi;Rettilineo;Due carreggiate;Bagnato (pioggia);Asfaltata;Assente;Pioggia in atto;Scarso;Sufficiente;Sufficiente;0;0;0;1;;;-1;1;Autovettura privata;In marcia / fermata / arresto;Conducente;M;Illeso;0;;Non accertato;Inesistente
1665916;6;01/01/2006 12:40;Strada Urbana;VIA CASILINA;all'intersezione con;VIA GIOVANNI DE AGOSTINI;VIA GIOVANNI DE AGOSTINI;;;Scontro laterale fra veicoli in marcia;Incrocio;Una carreggiata a doppio senso;Bagnato (pioggia);Asfaltata;Verticale ed orizzontale;Nuvoloso;Normale;Buona;Ore Diurne;0;0;0;2;;;-1;1;Autovettura privata;In marcia / fermata / arresto;Conducente;M;Illeso;0;;Non accertato;Inesistente
1665916;6;01/01/2006 12:40;Strada Urbana;VIA CASILINA;all'intersezione con;VIA GIOVANNI DE AGOSTINI;VIA GIOVANNI DE AGOSTINI;;;Scontro laterale fra veicoli in marcia;Incrocio;Una carreggiata a doppio senso;Bagnato (pioggia);Asfaltata;Verticale ed orizzontale;Nuvoloso;Normale;Buona;Ore Diurne;0;0;0;2;;;-1;2;Autovettura privata;In marcia / fermata / arresto;Conducente;M;Illeso;0;;Non accertato;Inesistente
1665917;6;01/01/2006 20:10;Strada Urbana;VIALE PARTENOPE;all'intersezione con;VIA MARCIANISE;VIA MARCIANISE;;;Scontro frontale/laterale DX fra veicoli in marcia;Incrocio;Due carreggiate;Bagnato (pioggia);Asfaltata;Verticale;Pioggia in atto;Scarso;Sufficiente;Sufficiente;1;0;0;4;;;-1;1;Autovettura privata;In marcia / fermata / arresto;Conducente;F;Illeso;0;;Utilizzato;Inesploso
1665917;6;01/01/2006 20:10;Strada Urbana;VIALE PARTENOPE;all'intersezione con;VIA MARCIANISE;VIA MARCIANISE;;;Scontro frontale/laterale DX fra veicoli in marcia;Incrocio;Due carreggiate;Bagnato (pioggia);Asfaltata;Verticale;Pioggia in atto;Scarso;Sufficiente;Sufficiente;1;0;0;4;;;-1;1;Autovettura privata;In marcia / fermata / arresto;Passeggero;F;Illeso;0;;Utilizzato;Inesistente
1665917;6;01/01/2006 20:10;Strada Urbana;VIALE PARTENOPE;all'intersezione con;VIA MARCIANISE;VIA MARCIANISE;;;Scontro frontale/laterale DX fra veicoli in marcia;Incrocio;Due carreggiate;Bagnato (pioggia);Asfaltata;Verticale;Pioggia in atto;Scarso;Sufficiente;Sufficiente;1;0;0;4;;;-1;1;Autovettura privata;In marcia / fermata / arresto;Passeggero;F;Illeso;0;;Non accertato;Inesistente
1665917;6;01/01/2006 20:10;Strada Urbana;VIALE PARTENOPE;all'intersezione con;VIA MARCIANISE;VIA MARCIANISE;;;Scontro frontale/laterale DX fra veicoli in marcia;Incrocio;Due carreggiate;Bagnato (pioggia);Asfaltata;Verticale;Pioggia in atto;Scarso;Sufficiente;Sufficiente;1;0;0;4;;;-1;2;Autovettura privata;In marcia / fermata / arresto;Conducente;M;Illeso;0;;Utilizzato;Inesploso
1665917;6;01/01/2006 20:10;Strada Urbana;VIALE PARTENOPE;all'intersezione con;VIA MARCIANISE;VIA MARCIANISE;;;Scontro frontale/laterale DX fra veicoli in marcia;Incrocio;Due carreggiate;Bagnato (pioggia);Asfaltata;Verticale;Pioggia in atto;Scarso;Sufficiente;Sufficiente;1;0;0;4;;;-1;2;Autovettura privata;In marcia / fermata / arresto;Passeggero;F;Rimandato;0;NON DECEDUTO;Non accertato;Inesploso
1665918;6;01/01/2006 22:15;Strada Urbana;VIA DI PORTA FURBA;all'intersezione con;VIA DELLA BATTERIA DI PORTA FURBA;VIA DELLA BATTERIA DI PORTA FURBA;;;Infortunio per caduta del veicolo;Incrocio;Una carreggiata a doppio senso;Bagnato (pioggia);Asfaltata;Orizzontale;Pioggia in atto;Scarso;Buona;Sufficiente;0;0;0;2;;;-1;1;Autovettura privata;In marcia / fermata / arresto;Conducente;M;Illeso;0;;Non accertato;Inesistente
1665918;6;01/01/2006 22:15;Strada Urbana;VIA DI PORTA FURBA;all'intersezione con;VIA DELLA BATTERIA DI PORTA FURBA;VIA DELLA BATTERIA DI PORTA FURBA;;;Infortunio per caduta del veicolo;Incrocio;Una carreggiata a doppio senso;Bagnato (pioggia);Asfaltata;Orizzontale;Pioggia in atto;Scarso;Buona;Sufficiente;0;0;0;2;;;-1;1;Autovettura privata;In marcia / fermata / arresto;Passeggero;M;Illeso;0;;Non accertato;Inesistente
1665919;6;01/01/2006 23:00;Strada Urbana;VIA DI PORTA FURBA;da specificare;;;;alt. VIA DELLA BATTERIA DI PORTA FURBA;Infortunio per caduta del veicolo;Curva a visuale libera;Una carreggiata a doppio senso;Bagnato (pioggia);Asfaltata;Orizzontale;Pioggia in atto;Scarso;Buona;Sufficiente;0;0;0;2;;;-1;1;Autovettura privata;In marcia / fermata / arresto;Conducente;M;Illeso;0;;Utilizzato;Inesistente
1665919;6;01/01/2006 23:00;Strada Urbana;VIA DI PORTA FURBA;da specificare;;;;alt. VIA DELLA BATTERIA DI PORTA FURBA;Infortunio per caduta del veicolo;Curva a visuale libera;Una carreggiata a doppio senso;Bagnato (pioggia);Asfaltata;Orizzontale;Pioggia in atto;Scarso;Buona;Sufficiente;0;0;0;2;;;-1;1;Autovettura privata;In marcia / fermata / arresto;Passeggero;F;Illeso;0;;Non accertato;Inesistente
1665920;6;02/01/2006 00:05;Strada Urbana;VIALE FILARETE;all'intersezione con;VIA GALEAZZO ALESSI;VIA GALEAZZO ALESSI;;;Scontro frontale/laterale SX fra veicoli in marcia;Intersezione stradale segnalata;Due carreggiate;Bagnato (pioggia);Asfaltata;Verticale ed orizzontale;Pioggia in atto;Scarso;Sufficiente;Sufficiente;3;0;0;2;;;-1;1;Autovettura privata;In marcia / fermata / arresto;Conducente;M;Illeso;0;;Utilizzato;Inesistente
1665920;6;02/01/2006 00:05;Strada Urbana;VIALE FILARETE;all'intersezione con;VIA GALEAZZO ALESSI;VIA GALEAZZO ALESSI;;;Scontro frontale/laterale SX fra veicoli in marcia;Intersezione stradale segnalata;Due carreggiate;Bagnato (pioggia);Asfaltata;Verticale ed orizzontale;Pioggia in atto;Scarso;Sufficiente;Sufficiente;3;0;0;2;;;-1;1;Autovettura privata;In marcia / fermata / arresto;Passeggero;M;Rimandato;0;NON DECEDUTO;Non accertato;Inesistente
1665920;6;02/01/2006 00:05;Strada Urbana;VIALE FILARETE;all'intersezione con;VIA GALEAZZO ALESSI;VIA GALEAZZO ALESSI;;;Scontro frontale/laterale SX fra veicoli in marcia;Intersezione stradale segnalata;Due carreggiate;Bagnato (pioggia);Asfaltata;Verticale ed orizzontale;Pioggia in atto;Scarso;Sufficiente;Sufficiente;3;0;0;2;;;-1;1;Autovettura privata;In marcia / fermata / arresto;Passeggero;F;Rimandato;0;NON DECEDUTO;Non accertato;Inesistente
1665920;6;02/01/2006 00:05;Strada Urbana;VIALE FILARETE;all'intersezione con;VIA GALEAZZO ALESSI;VIA GALEAZZO ALESSI;;;Scontro frontale/laterale SX fra veicoli in marcia;Intersezione stradale segnalata;Due carreggiate;Bagnato (pioggia);Asfaltata;Verticale ed orizzontale;Pioggia in atto;Scarso;Sufficiente;Sufficiente;3;0;0;2;;;-1;2;Autovettura privata;In marcia / fermata / arresto;Conducente;M;Illeso;0;;Non accertato;Inesistente
1665921;6;02/01/2006 07:40;Strada Urbana;VIA CASILINA;all'intersezione con;VIA DI VILLA SERVENTI;VIA DI VILLA SERVENTI;;;Scontro laterale fra veicoli in marcia;Incrocio;Una carreggiata a doppio senso;Bagnato (pioggia);Asfaltata;Verticale;Pioggia in atto;Normale;Buona;Ore Diurne;0;0;0;3;;;-1;1;Autovettura privata;In marcia / fermata / arresto;Conducente;M;Illeso;0;;Non accertato;Inesistente
1665921;6;02/01/2006 07:40;Strada Urbana;VIA CASILINA;all'intersezione con;VIA DI VILLA SERVENTI;VIA DI VILLA SERVENTI;;;Scontro laterale fra veicoli in marcia;Incrocio;Una carreggiata a doppio senso;Bagnato (pioggia);Asfaltata;Verticale;Pioggia in atto;Normale;Buona;Ore Diurne;0;0;0;3;;;-1;2;Autovettura privata;In marcia / fermata / arresto;Conducente;M;Illeso;0;;Non accertato;Inesistente
1665921;6;02/01/2006 07:40;Strada Urbana;VIA CASILINA;all'intersezione con;VIA DI VILLA SERVENTI;VIA DI VILLA SERVENTI;;;Scontro laterale fra veicoli in marcia;Incrocio;Una carreggiata a doppio senso;Bagnato (pioggia);Asfaltata;Verticale;Pioggia in atto;Normale;Buona;Ore Diurne;0;0;0;3;;;-1;2;Autovettura privata;In marcia / fermata / arresto;Passeggero;M;Illeso;0;;Non accertato;Inesistente
1665922;6;02/01/2006 08:00;Strada Urbana;VIA DI PORTONACCIO;all'intersezione con;VIA LATINO SILVIO;VIA LATINO SILVIO;;;Ribaltamento senza urto contro ostacolo fisso;Incrocio;Due carreggiate;Bagnato (pioggia);Asfaltata;Verticale ed orizzontale;Nuvoloso;Scarso;Buona;Ore Diurne;1;0;0;1;;;-1;1;Autovettura privata;In marcia / fermata / arresto;Conducente;F;Illeso;0;;Utilizzato;Inesploso
1665922;6;02/01/2006 08:00;Strada Urbana;VIA DI PORTONACCIO;all'intersezione con;VIA LATINO SILVIO;VIA LATINO SILVIO;;;Ribaltamento senza urto contro ostacolo fisso;Incrocio;Due carreggiate;Bagnato (pioggia);Asfaltata;Verticale ed orizzontale;Nuvoloso;Scarso;Buona;Ore Diurne;1;0;0;1;;;-1;2;Motociclo a solo;In marcia / fermata / arresto;Conducente;F;Rimandato;0;NON DECEDUTO;Utilizzato;Inesistente
1665923;6;02/01/2006 13:15;Strada Urbana;VIA ANTON LUDOVICO ANTINORI;in prossimità;;del civico n. ;10;;Tamponamento;Rettilineo;Una carreggiata a senso unico di marcia;Bagnato (pioggia);Asfaltata;Assente;Pioggia in atto;Scarso;Buona;Ore Diurne;0;0;0;1;;;-1;1;Autovettura privata;In marcia / fermata / arresto;Conducente;M;Illeso;0;;Utilizzato;Inesistente
1665924;6;02/01/2006 19:30;Strada Urbana;VIA PRENESTINA;all'intersezione con;VIALE GIOVANNI BATTISTA VALENTE;VIALE GIOVANNI BATTISTA VALENTE;;;Scontro laterale fra veicoli in marcia;Intersezione semaforizzata;Una carreggiata a doppio senso;Bagnato (pioggia);Asfaltata;Verticale ed orizzontale;Pioggia in atto;Normale;Buona;Sufficiente;2;0;0;1;;;-1;1;Autovettura di polizia;In marcia / fermata / arresto;Conducente;M;Rimandato;0;NON DECEDUTO;Non accertato;Inesistente
1665924;6;02/01/2006 19:30;Strada Urbana;VIA PRENESTINA;all'intersezione con;VIALE GIOVANNI BATTISTA VALENTE;VIALE GIOVANNI BATTISTA VALENTE;;;Scontro laterale fra veicoli in marcia;Intersezione semaforizzata;Una carreggiata a doppio senso;Bagnato (pioggia);Asfaltata;Verticale ed orizzontale;Pioggia in atto;Normale;Buona;Sufficiente;2;0;0;1;;;-1;1;Autovettura di polizia;In marcia / fermata / arresto;Passeggero;M;Rimandato;0;NON DECEDUTO;Non accertato;Inesistente
1665924;6;02/01/2006 19:30;Strada Urbana;VIA PRENESTINA;all'intersezione con;VIALE GIOVANNI BATTISTA VALENTE;VIALE GIOVANNI BATTISTA VALENTE;;;Scontro laterale fra veicoli in marcia;Intersezione semaforizzata;Una carreggiata a doppio senso;Bagnato (pioggia);Asfaltata;Verticale ed orizzontale;Pioggia in atto;Normale;Buona;Sufficiente;2;0;0;1;;;-1;2;Autovettura privata;In marcia / fermata / arresto;Conducente;M;Illeso;0;;Non accertato;Inesistente
1665925;6;02/01/2006 19:45;Strada Urbana;VIA CASILINA;in corrispondenza;;del civico n. ;257;;Veicolo in marcia contro ostacolo accidentale;Rettilineo;Una carreggiata a doppio senso;Bagnato (pioggia);Asfaltata;Verticale ed orizzontale;Pioggia in atto;Normale;Buona;Sufficiente;0;0;0;1;;;-1;1;Autovettura privata;In marcia / fermata / arresto;Conducente;M;Illeso;0;;Utilizzato;Inesistente
1665926;6;02/01/2006 20:15;Strada Urbana;VIA LATINO SILVIO;all'intersezione con;VIA DI PORTONACCIO;VIA DI PORTONACCIO;;;Scontro laterale fra veicoli in marcia;Incrocio;Più di due carreggiate;Bagnato (pioggia);Asfaltata;Verticale ed orizzontale;Pioggia in atto;Scarso;Sufficiente;Sufficiente;0;0;0;3;;;-1;1;Autovettura privata;In marcia / fermata / arresto;Conducente;M;Illeso;0;;Non utilizzato;Inesistente
1665926;6;02/01/2006 20:15;Strada Urbana;VIA LATINO SILVIO;all'intersezione con;VIA DI PORTONACCIO;VIA DI PORTONACCIO;;;Scontro laterale fra veicoli in marcia;Incrocio;Più di due carreggiate;Bagnato (pioggia);Asfaltata;Verticale ed orizzontale;Pioggia in atto;Scarso;Sufficiente;Sufficiente;0;0;0;3;;;-1;1;Autovettura privata;In marcia / fermata / arresto;Passeggero;M;Illeso;0;;Non utilizzato;Inesistente
1665926;6;02/01/2006 20:15;Strada Urbana;VIA LATINO SILVIO;all'intersezione con;VIA DI PORTONACCIO;VIA DI PORTONACCIO;;;Scontro laterale fra veicoli in marcia;Incrocio;Più di due carreggiate;Bagnato (pioggia);Asfaltata;Verticale ed orizzontale;Pioggia in atto;Scarso;Sufficiente;Sufficiente;0;0;0;3;;;-1;2;Autovettura privata;In marcia / fermata / arresto;Conducente;F;Illeso;0;;Utilizzato;Inesistente
1665927;6;03/01/2006 02:40;Strada Urbana;VIA PRENESTINA;all'intersezione semaforizzata con;VIA GIROLAMO COCCONI;VIA GIROLAMO COCCONI;;;Tamponamento;Incrocio;Due carreggiate;Bagnato (pioggia);Asfaltata;Verticale ed orizzontale;Pioggia in atto;Scarso;Buona;Sufficiente;1;0;0;1;;;-1;1;Autovettura privata;In marcia / fermata / arresto;Conducente;M;Rimandato;0;NON DECEDUTO;Non accertato;Inesistente
1665927;6;03/01/2006 02:40;Strada Urbana;VIA PRENESTINA;all'intersezione semaforizzata con;VIA GIROLAMO COCCONI;VIA GIROLAMO COCCONI;;;Tamponamento;Incrocio;Due carreggiate;Bagnato (pioggia);Asfaltata;Verticale ed orizzontale;Pioggia in atto;Scarso;Buona;Sufficiente;1;0;0;1;;;-1;2;Autovettura privata;In marcia / fermata / arresto;Conducente;F;Illeso;0;;Non accertato;Inesistente
1665928;6;03/01/2006 06:55;Strada Urbana;VIA ALBERTO DA GIUSSANO;in corrispondenza;;del civico n. ;57;;Scontro laterale fra veicoli in marcia;Rettilineo;Una carreggiata a doppio senso;Bagnato (pioggia);Asfaltata;Verticale ed orizzontale;Pioggia in atto;Normale;Buona;Ore Diurne;0;0;0;2;;;-1;1;Autovettura privata;In marcia / fermata / arresto;Conducente;M;Illeso;0;;Utilizzato;Inesistente
1665928;6;03/01/2006 06:55;Strada Urbana;VIA ALBERTO DA GIUSSANO;in corrispondenza;;del civico n. ;57;;Scontro laterale fra veicoli in marcia;Rettilineo;Una carreggiata a doppio senso;Bagnato (pioggia);Asfaltata;Verticale ed orizzontale;Pioggia in atto;Normale;Buona;Ore Diurne;0;0;0;2;;;-1;2;Autovettura privata;In marcia / fermata / arresto;Conducente;M;Illeso;0;;Utilizzato;Inesploso
1665929;6;03/01/2006 19:45;Strada Urbana;VIALE DELLA PRIMAVERA;da specificare;;;;fronte civico 21;Infortunio per caduta del veicolo;Rettilineo;Due carreggiate;Asciutto;Con buche;Assente;Nuvoloso;Normale;Buona;Sufficiente;1;1;0;1;;;-1;1;Autovettura privata;In marcia / fermata / arresto;Conducente;M;Illeso;0;;Utilizzato;Inesploso
1665929;6;03/01/2006 19:45;Strada Urbana;VIALE DELLA PRIMAVERA;da specificare;;;;fronte civico 21;Infortunio per caduta del veicolo;Rettilineo;Due carreggiate;Asciutto;Con buche;Assente;Nuvoloso;Normale;Buona;Sufficiente;1;1;0;1;;;-1;2;Motociclo a solo;In marcia / fermata / arresto;Conducente;M;Rimandato;0;NON DECEDUTO;Utilizzato;Inesistente
1665929;6;03/01/2006 19:45;Strada Urbana;VIALE DELLA PRIMAVERA;da specificare;;;;fronte civico 21;Infortunio per caduta del veicolo;Rettilineo;Due carreggiate;Asciutto;Con buche;Assente;Nuvoloso;Normale;Buona;Sufficiente;1;1;0;1;;;-1;2;Motociclo a solo;In marcia / fermata / arresto;Passeggero;F;Prognosi riservata;0;NON DECEDUTO;Utilizzato;Inesistente