Protocollo;Gruppo;DataOraIncidente;Localizzazione1;STRADA1;Localizzazione2;STRADA2;Strada02;Chilometrica;DaSpecificare;NaturaIncidente;particolaritastrade;TipoStrada;FondoStradale;Pavimentazione;Segnaletica;CondizioneAtmosferica;Traffico;Visibilita;Illuminazione;NUM_FERITI;NUM_RISERVATA;NUM_MORTI;NUM_ILLESI;Longitudine;Latitudine;Confermato;Progressivo;TipoVeicolo;StatoVeicolo;TipoPersona;Sesso;Tipolesione;Deceduto;DecedutoDopo;CinturaCascoUtilizzato;Airbag
1666487;2;17/01/2006 19:00;Strada Urbana;VIA TRIPOLI;all'intersezione con;VIA MAKALLE';VIA MAKALLE';;;Scontro frontale/laterale DX fra veicoli in marcia;Incrocio;Una carreggiata a doppio senso;Asciutto;Asfaltata;Verticale ed orizzontale;Nuvoloso;Scarso;Buona;Sufficiente;1;0;0;1;;;-1;1;Autovettura privata;In marcia / fermata / arresto;Conducente;F;Rimandato;0;NON DECEDUTO;Non accertato;Inesistente
1666487;2;17/01/2006 19:00;Strada Urbana;VIA TRIPOLI;all'intersezione con;VIA MAKALLE';VIA MAKALLE';;;Scontro frontale/laterale DX fra veicoli in marcia;Incrocio;Una carreggiata a doppio senso;Asciutto;Asfaltata;Verticale ed orizzontale;Nuvoloso;Scarso;Buona;Sufficiente;1;0;0;1;;;-1;2;Autovettura privata;In marcia / fermata / arresto;Conducente;F;Illeso;0;;Non accertato;Inesistente
1666488;2;18/01/2006 00:55;Strada Urbana;CORSO D'ITALIA;da specificare;;;;fronte civico 4;Veicolo in marcia contro ostacolo fisso;Curva a visuale libera;Due carreggiate;Bagnato (pioggia);Asfaltata;Orizzontale;Pioggia in atto;Scarso;Buona;Sufficiente;0;0;0;1;;;-1;1;Autovettura privata;In marcia / fermata / arresto;Conducente;F;Illeso;0;;Non accertato;Inesploso
1666489;2;18/01/2006 03:35;Strada Urbana;VIALE DEL MURO TORTO;da specificare;;;;altezza rampa da p.le Brasile;Veicolo in marcia contro ostacolo fisso;Curva a visuale libera;Due carreggiate;Viscido da liquidi oleosi;Asfaltata;Orizzontale;Nuvoloso;Scarso;Buona;Sufficiente;0;0;0;2;;;-1;1;Autovettura privata;In marcia / fermata / arresto;Conducente;M;Illeso;0;;Non accertato;Inesistente
1666489;2;18/01/2006 03:35;Strada Urbana;VIALE DEL MURO TORTO;da specificare;;;;altezza rampa da p.le Brasile;Veicolo in marcia contro ostacolo fisso;Curva a visuale libera;Due carreggiate;Viscido da liquidi oleosi;Asfaltata;Orizzontale;Nuvoloso;Scarso;Buona;Sufficiente;0;0;0;2;;;-1;1;Autovettura privata;In marcia / fermata / arresto;Passeggero;M;Illeso;0;;Non accertato;Inesistente
1666490;2;18/01/2006 04:20;Strada Urbana;VIALE DEL MURO TORTO;da specificare;;;;rampa d'accesso da Piazzale Brasile;Infortunio per sola frenata improvvisa;Curva a visuale libera;Una carreggiata a senso unico di marcia;Viscido da liquidi oleosi;Asfaltata;Verticale ed orizzontale;Nuvoloso;Scarso;Sufficiente;Sufficiente;1;0;0;0;;;-1;1;Ciclomotore;In marcia / fermata / arresto;Conducente;F;Rimandato;0;NON DECEDUTO;Utilizzato;Inesistente
1666491;2;18/01/2006 06:45;Strada Urbana;VIALE DEL MURO TORTO;da specificare;;;;Altezza via del Galoppatoio a scendere;Tamponamento;Rettilineo;Una carreggiata a senso unico di marcia;Bagnato (umidità in atto);Asfaltata;Orizzontale;Nuvoloso;Normale;Buona;Sufficiente;2;0;0;1;;;-1;1;Autovettura privata;In marcia / fermata / arresto;Conducente;F;Rifiuta cure immediate;0;NON DECEDUTO;Non accertato;Inesistente
1666491;2;18/01/2006 06:45;Strada Urbana;VIALE DEL MURO TORTO;da specificare;;;;Altezza via del Galoppatoio a scendere;Tamponamento;Rettilineo;Una carreggiata a senso unico di marcia;Bagnato (umidità in atto);Asfaltata;Orizzontale;Nuvoloso;Normale;Buona;Sufficiente;2;0;0;1;;;-1;2;Autovettura privata;In marcia / fermata / arresto;Conducente;M;Illeso;0;;Non accertato;Inesistente
1666491;2;18/01/2006 06:45;Strada Urbana;VIALE DEL MURO TORTO;da specificare;;;;Altezza via del Galoppatoio a scendere;Tamponamento;Rettilineo;Una carreggiata a senso unico di marcia;Bagnato (umidità in atto);Asfaltata;Orizzontale;Nuvoloso;Normale;Buona;Sufficiente;2;0;0;1;;;-1;2;Autovettura privata;In marcia / fermata / arresto;Passeggero;F;Rimandato;0;NON DECEDUTO;Non accertato;Inesistente
1666492;2;18/01/2006 09:50;Strada Urbana;VIA FRANCESCO SIACCI;in prossimità;;del civico n. ;29;;Scontro laterale fra veicoli in marcia;Rettilineo;Una carreggiata a doppio senso;Bagnato (pioggia);Asfaltata;Orizzontale;Pioggia in atto;Normale;Buona;Ore Diurne;0;0;0;2;;;-1;1;Autovettura privata;In marcia / fermata / arresto;Conducente;F;Illeso;0;;Non accertato;Inesistente
1666492;2;18/01/2006 09:50;Strada Urbana;VIA FRANCESCO SIACCI;in prossimità;;del civico n. ;29;;Scontro laterale fra veicoli in marcia;Rettilineo;Una carreggiata a doppio senso;Bagnato (pioggia);Asfaltata;Orizzontale;Pioggia in atto;Normale;Buona;Ore Diurne;0;0;0;2;;;-1;2;Autobus urbano;In marcia / fermata / arresto;Conducente;M;Illeso;0;;Esente;Inesistente
1666493;2;18/01/2006 10:10;Strada Urbana;VIA PANAMA;all'intersezione con;VIA LISBONA;VIA LISBONA;;;Tamponamento;Incrocio;Una carreggiata a senso unico di marcia;Bagnato (pioggia);Asfaltata;Verticale ed orizzontale;Pioggia in atto;Normale;Buona;Ore Diurne;1;0;0;2;;;-1;1;Autovettura privata;In marcia / fermata / arresto;Conducente;M;Illeso;0;;Non accertato;Inesistente
1666493;2;18/01/2006 10:10;Strada Urbana;VIA PANAMA;all'intersezione con;VIA LISBONA;VIA LISBONA;;;Tamponamento;Incrocio;Una carreggiata a senso unico di marcia;Bagnato (pioggia);Asfaltata;Verticale ed orizzontale;Pioggia in atto;Normale;Buona;Ore Diurne;1;0;0;2;;;-1;1;Autovettura privata;In marcia / fermata / arresto;Passeggero;M;Illeso;0;;Non accertato;Inesistente
1666493;2;18/01/2006 10:10;Strada Urbana;VIA PANAMA;all'intersezione con;VIA LISBONA;VIA LISBONA;;;Tamponamento;Incrocio;Una carreggiata a senso unico di marcia;Bagnato (pioggia);Asfaltata;Verticale ed orizzontale;Pioggia in atto;Normale;Buona;Ore Diurne;1;0;0;2;;;-1;2;Motociclo a solo;In marcia / fermata / arresto;Conducente;F;Rimandato;0;NON DECEDUTO;Non accertato;Inesploso
1666494;2;18/01/2006 10:35;Strada Urbana;VIALE DEL MURO TORTO;da specificare;;;;altezza uscita parcheggio Villa Borghese;Scontro laterale fra veicoli in marcia;Curva a visuale libera;Una carreggiata a senso unico di marcia;Bagnato (umidità in atto);Asfaltata;Verticale ed orizzontale;Pioggia in atto;Normale;Buona;Ore Diurne;0;0;0;3;;;-1;1;Autovettura privata;In marcia / fermata / arresto;Conducente;M;Illeso;0;;Non accertato;Inesistente
1666494;2;18/01/2006 10:35;Strada Urbana;VIALE DEL MURO TORTO;da specificare;;;;altezza uscita parcheggio Villa Borghese;Scontro laterale fra veicoli in marcia;Curva a visuale libera;Una carreggiata a senso unico di marcia;Bagnato (umidità in atto);Asfaltata;Verticale ed orizzontale;Pioggia in atto;Normale;Buona;Ore Diurne;0;0;0;3;;;-1;2;Autovettura privata;In marcia / fermata / arresto;Conducente;M;Illeso;0;;Non accertato;Inesistente
1666494;2;18/01/2006 10:35;Strada Urbana;VIALE DEL MURO TORTO;da specificare;;;;altezza uscita parcheggio Villa Borghese;Scontro laterale fra veicoli in marcia;Curva a visuale libera;Una carreggiata a senso unico di marcia;Bagnato (umidità in atto);Asfaltata;Verticale ed orizzontale;Pioggia in atto;Normale;Buona;Ore Diurne;0;0;0;3;;;-1;2;Autovettura privata;In marcia / fermata / arresto;Passeggero;M;Illeso;0;;Non accertato;Inesistente
1666495;2;18/01/2006 11:00;Strada Urbana;VIA RUGGERO GIOVANNELLI;in corrispondenza;;del civico n. ;2/a;;Scontro laterale fra veicoli in marcia;Rettilineo;Una carreggiata a senso unico di marcia;Bagnato (pioggia);Asfaltata;Verticale ed orizzontale;Pioggia in atto;Normale;Buona;Ore Diurne;0;0;0;3;;;-1;1;Autovettura privata;In marcia / fermata / arresto;Conducente;M;Illeso;0;;Non accertato;Inesistente
1666495;2;18/01/2006 11:00;Strada Urbana;VIA RUGGERO GIOVANNELLI;in corrispondenza;;del civico n. ;2/a;;Scontro laterale fra veicoli in marcia;Rettilineo;Una carreggiata a senso unico di marcia;Bagnato (pioggia);Asfaltata;Verticale ed orizzontale;Pioggia in atto;Normale;Buona;Ore Diurne;0;0;0;3;;;-1;2;Autovettura privata;In marcia / fermata / arresto;Conducente;F;Illeso;0;;Non accertato;Inesistente
1666495;2;18/01/2006 11:00;Strada Urbana;VIA RUGGERO GIOVANNELLI;in corrispondenza;;del civico n. ;2/a;;Scontro laterale fra veicoli in marcia;Rettilineo;Una carreggiata a senso unico di marcia;Bagnato (pioggia);Asfaltata;Verticale ed orizzontale;Pioggia in atto;Normale;Buona;Ore Diurne;0;0;0;3;;;-1;2;Autovettura privata;In marcia / fermata / arresto;Passeggero;F;Illeso;0;;Non accertato;Inesistente
1666496;2;18/01/2006 14:00;Strada Urbana;VIA GARIGLIANO;all'intersezione con;VIA RUBICONE;VIA RUBICONE;;;Scontro frontale/laterale SX fra veicoli in marcia;Intersezione stradale segnalata;Una carreggiata a senso unico di marcia;Bagnato (pioggia);Asfaltata;Verticale ed orizzontale;Pioggia in atto;Normale;Buona;Ore Diurne;1;0;0;2;;;-1;1;Autovettura privata;In marcia / fermata / arresto;Conducente;F;Illeso;0;;Non accertato;Inesploso
1666496;2;18/01/2006 14:00;Strada Urbana;VIA GARIGLIANO;all'intersezione con;VIA RUBICONE;VIA RUBICONE;;;Scontro frontale/laterale SX fra veicoli in marcia;Intersezione stradale segnalata;Una carreggiata a senso unico di marcia;Bagnato (pioggia);Asfaltata;Verticale ed orizzontale;Pioggia in atto;Normale;Buona;Ore Diurne;1;0;0;2;;;-1;1;Autovettura privata;In marcia / fermata / arresto;Passeggero;M;Illeso;0;;Non accertato;Inesploso
1666496;2;18/01/2006 14:00;Strada Urbana;VIA GARIGLIANO;all'intersezione con;VIA RUBICONE;VIA RUBICONE;;;Scontro frontale/laterale SX fra veicoli in marcia;Intersezione stradale segnalata;Una carreggiata a senso unico di marcia;Bagnato (pioggia);Asfaltata;Verticale ed orizzontale;Pioggia in atto;Normale;Buona;Ore Diurne;1;0;0;2;;;-1;2;Motociclo a solo;In marcia / fermata / arresto;Conducente;M;Rimandato;0;NON DECEDUTO;Non accertato;Inesistente
1666497;2;18/01/2006 16:30;Strada Urbana;VIA DEGLI SCIALOJA;in corrispondenza;;del civico n. ;19;;Scontro laterale fra veicoli in marcia;Rettilineo;Una carreggiata a senso unico di marcia;Bagnato (pioggia);Asfaltata;Verticale ed orizzontale;Pioggia in atto;Intenso;Buona;Ore Diurne;1;0;0;1;;;-1;1;Autovettura privata;In marcia / fermata / arresto;Conducente;M;Illeso;0;;Non accertato;Inesistente
1666497;2;18/01/2006 16:30;Strada Urbana;VIA DEGLI SCIALOJA;in corrispondenza;;del civico n. ;19;;Scontro laterale fra veicoli in marcia;Rettilineo;Una carreggiata a senso unico di marcia;Bagnato (pioggia);Asfaltata;Verticale ed orizzontale;Pioggia in atto;Intenso;Buona;Ore Diurne;1;0;0;1;;;-1;2;Motociclo a solo;In marcia / fermata / arresto;Conducente;M;Rimandato;0;NON DECEDUTO;Utilizzato;Inesistente
1666498;2;18/01/2006 16:30;Strada Urbana;VIALE BRUNO BUOZZI;in prossimità;;del civico n. ;fr 108;;Veicolo in marcia contro veicolo in sosta;Rettilineo;Una carreggiata a doppio senso;Bagnato (pioggia);Asfaltata;Verticale ed orizzontale;Pioggia in atto;Normale;Sufficiente;Sufficiente;0;0;0;1;;;-1;1;Autovettura privata;In marcia / fermata / arresto;Conducente;F;Illeso;0;;Non accertato;Inesistente
1666499;2;18/01/2006 16:40;Strada Urbana;VIA DI S. COSTANZA;all'intersezione con;PIAZZA ISTRIA;PIAZZA ISTRIA;;;Investimento di pedone;Incrocio;Una carreggiata a doppio senso;Bagnato (pioggia);Asfaltata;Verticale ed orizzontale;Pioggia in atto;Intenso;Sufficiente;Sufficiente;1;0;0;1;;;-1;;;;Pedone;F;Rimandato;0;NON DECEDUTO;;
1666499;2;18/01/2006 16:40;Strada Urbana;VIA DI S. COSTANZA;all'intersezione con;PIAZZA ISTRIA;PIAZZA ISTRIA;;;Investimento di pedone;Incrocio;Una carreggiata a doppio senso;Bagnato (pioggia);Asfaltata;Verticale ed orizzontale;Pioggia in atto;Intenso;Sufficiente;Sufficiente;1;0;0;1;;;-1;1;Motociclo a solo;In marcia / fermata / arresto;Conducente;M;Illeso;0;;Non accertato;Inesistente
1666500;2;18/01/2006 16:45;Strada Urbana;CIRCONVALLAZIONE SALARIA;da specificare;;;;ALTEZZA USCITA ETIOPIA DIR STADIO;Scontro laterale fra veicoli in marcia;Rettilineo;Più di due carreggiate;Bagnato (pioggia);Asfaltata;Verticale ed orizzontale;Pioggia in atto;Intenso;Sufficiente;Sufficiente;1;0;0;1;;;-1;1;Autovettura privata;In marcia / fermata / arresto;Conducente;M;Illeso;0;;Non accertato;Inesistente
1666500;2;18/01/2006 16:45;Strada Urbana;CIRCONVALLAZIONE SALARIA;da specificare;;;;ALTEZZA USCITA ETIOPIA DIR STADIO;Scontro laterale fra veicoli in marcia;Rettilineo;Più di due carreggiate;Bagnato (pioggia);Asfaltata;Verticale ed orizzontale;Pioggia in atto;Intenso;Sufficiente;Sufficiente;1;0;0;1;;;-1;2;Motociclo a solo;In marcia / fermata / arresto;Conducente;M;Rimandato;0;NON DECEDUTO;Non accertato;Inesistente
1666501;2;01/01/2006 18:00;Strada Urbana;PIAZZALE MIGUEL CERVANTES;da specificare;;;;alt. Museo d'Arte Moderna;Investimento di pedone;Rettilineo;Una carreggiata a doppio senso;Bagnato (pioggia);Asfaltata;Verticale ed orizzontale;Pioggia in atto;Normale;Sufficiente;Insufficiente;2;0;0;2;;;-1;;;;Pedone;F;Rimandato;0;NON DECEDUTO;;
1666501;2;01/01/2006 18:00;Strada Urbana;PIAZZALE MIGUEL CERVANTES;da specificare;;;;alt. Museo d'Arte Moderna;Investimento di pedone;Rettilineo;Una carreggiata a doppio senso;Bagnato (pioggia);Asfaltata;Verticale ed orizzontale;Pioggia in atto;Normale;Sufficiente;Insufficiente;2;0;0;2;;;-1;;;;Pedone;F;Rimandato;0;NON DECEDUTO;;
1666501;2;01/01/2006 18:00;Strada Urbana;PIAZZALE MIGUEL CERVANTES;da specificare;;;;alt. Museo d'Arte Moderna;Investimento di pedone;Rettilineo;Una carreggiata a doppio senso;Bagnato (pioggia);Asfaltata;Verticale ed orizzontale;Pioggia in atto;Normale;Sufficiente;Insufficiente;2;0;0;2;;;-1;1;Autovettura privata;In marcia / fermata / arresto;Conducente;M;Illeso;0;;Non utilizzato;Inesistente
1666501;2;01/01/2006 18:00;Strada Urbana;PIAZZALE MIGUEL CERVANTES;da specificare;;;;alt. Museo d'Arte Moderna;Investimento di pedone;Rettilineo;Una carreggiata a doppio senso;Bagnato (pioggia);Asfaltata;Verticale ed orizzontale;Pioggia in atto;Normale;Sufficiente;Insufficiente;2;0;0;2;;;-1;1;Autovettura privata;In marcia / fermata / arresto;Passeggero;F;Illeso;0;;Non accertato;Inesistente
1666502;2;18/01/2006 19:15;Strada Urbana;VIA ULISSE ALDROVANDI;da specificare;;;;altezza intersezione con Via di Villa Sacchetti;Tamponamento;Rettilineo;Una carreggiata a senso unico alternato;Bagnato (pioggia);Asfaltata;Verticale ed orizzontale;Nuvoloso;Normale;Buona;Sufficiente;0;0;0;2;;;-1;1;Autovettura privata;In marcia / fermata / arresto;Conducente;M;Illeso;0;;Non accertato;Inesistente
1666502;2;18/01/2006 19:15;Strada Urbana;VIA ULISSE ALDROVANDI;da specificare;;;;altezza intersezione con Via di Villa Sacchetti;Tamponamento;Rettilineo;Una carreggiata a senso unico alternato;Bagnato (pioggia);Asfaltata;Verticale ed orizzontale;Nuvoloso;Normale;Buona;Sufficiente;0;0;0;2;;;-1;2;Autovettura privata;In marcia / fermata / arresto;Conducente;M;Illeso;0;;Non accertato;Inesistente
1666503;2;18/01/2006 19:55;Strada Urbana;VIALE TIZIANO;all'intersezione semaforizzata con;VIALE PIETRO DE COUBERTIN;VIALE PIETRO DE COUBERTIN;;;Scontro frontale/laterale DX fra veicoli in marcia;Intersezione semaforizzata;Due carreggiate;Bagnato (pioggia);Asfaltata;Verticale ed orizzontale;Pioggia in atto;Normale;Buona;Sufficiente;1;0;0;2;;;-1;1;Motociclo a solo;In marcia / fermata / arresto;Conducente;M;Ricoverato;0;NON DECEDUTO;Non accertato;Inesistente
1666503;2;18/01/2006 19:55;Strada Urbana;VIALE TIZIANO;all'intersezione semaforizzata con;VIALE PIETRO DE COUBERTIN;VIALE PIETRO DE COUBERTIN;;;Scontro frontale/laterale DX fra veicoli in marcia;Intersezione semaforizzata;Due carreggiate;Bagnato (pioggia);Asfaltata;Verticale ed orizzontale;Pioggia in atto;Normale;Buona;Sufficiente;1;0;0;2;;;-1;2;Autovettura privata;In marcia / fermata / arresto;Conducente;F;Illeso;0;;Non accertato;Inesistente
1666503;2;18/01/2006 19:55;Strada Urbana;VIALE TIZIANO;all'intersezione semaforizzata con;VIALE PIETRO DE COUBERTIN;VIALE PIETRO DE COUBERTIN;;;Scontro frontale/laterale DX fra veicoli in marcia;Intersezione semaforizzata;Due carreggiate;Bagnato (pioggia);Asfaltata;Verticale ed orizzontale;Pioggia in atto;Normale;Buona;Sufficiente;1;0;0;2;;;-1;2;Autovettura privata;In marcia / fermata / arresto;Passeggero;F;Illeso;0;;Non accertato;Inesistente
1666504;2;18/01/2006 20:10;Strada Urbana;VIALE SOMALIA;in prossimità;;del civico n. ;259;;Veicolo in marcia contro ostacolo accidentale;Rettilineo;Una carreggiata a doppio senso;Bagnato (umidità in atto);Asfaltata;Verticale ed orizzontale;Nuvoloso;Normale;Sufficiente;Sufficiente;1;0;0;0;;;-1;1;Ciclomotore;In marcia / fermata / arresto;Conducente;F;Rimandato;0;NON DECEDUTO;Non accertato;Inesistente
1666505;2;18/01/2006 23:00;Strada Urbana;VIALE DEL MURO TORTO;da specificare;;;;Altezza Piazzale Flaminio ;Veicolo in marcia contro ostacolo accidentale;Rettilineo;Due carreggiate;Bagnato (pioggia);Asfaltata;Orizzontale;Nuvoloso;Normale;Buona;Sufficiente;0;0;0;2;;;-1;1;Autovettura privata;In marcia / fermata / arresto;Conducente;M;Illeso;0;;Non accertato;Inesistente
1666505;2;18/01/2006 23:00;Strada Urbana;VIALE DEL MURO TORTO;da specificare;;;;Altezza Piazzale Flaminio ;Veicolo in marcia contro ostacolo accidentale;Rettilineo;Due carreggiate;Bagnato (pioggia);Asfaltata;Orizzontale;Nuvoloso;Normale;Buona;Sufficiente;0;0;0;2;;;-1;1;Autovettura privata;In marcia / fermata / arresto;Passeggero;M;Illeso;0;;Non accertato;Inesistente
1666506;2;18/01/2006 23:20;Strada Urbana;VIALE PARIOLI;all'intersezione semaforizzata con;PIAZZALE DEL PARCO DELLA RIMEMBRANZA;PIAZZALE DEL PARCO DELLA RIMEMBRANZA;;;Scontro frontale/laterale SX fra veicoli in marcia;Intersezione semaforizzata;Più di due carreggiate;Bagnato (umidità in atto);Asfaltata;Verticale ed orizzontale;Nuvoloso;Scarso;Buona;Sufficiente;0;0;0;2;;;-1;1;Autovettura privata;In marcia / fermata / arresto;Conducente;M;Illeso;0;;Non accertato;Inesistente
1666506;2;18/01/2006 23:20;Strada Urbana;VIALE PARIOLI;all'intersezione semaforizzata con;PIAZZALE DEL PARCO DELLA RIMEMBRANZA;PIAZZALE DEL PARCO DELLA RIMEMBRANZA;;;Scontro frontale/laterale SX fra veicoli in marcia;Intersezione semaforizzata;Più di due carreggiate;Bagnato (umidità in atto);Asfaltata;Verticale ed orizzontale;Nuvoloso;Scarso;Buona;Sufficiente;0;0;0;2;;;-1;2;Autovettura privata;In marcia / fermata / arresto;Conducente;M;Illeso;0;;Non accertato;Inesistente
1666507;2;19/01/2006 08:00;Strada Urbana;CORSO TRIESTE;all'intersezione con;VIA TOPINO;VIA TOPINO;;;Scontro frontale/laterale DX fra veicoli in marcia;Incrocio;Due carreggiate;Asciutto;Asfaltata;Verticale;Sereno;Intenso;Buona;Ore Diurne;0;0;0;2;;;-1;1;Autovettura privata;In marcia / fermata / arresto;Conducente;F;Illeso;0;;Non accertato;Inesistente
1666507;2;19/01/2006 08:00;Strada Urbana;CORSO TRIESTE;all'intersezione con;VIA TOPINO;VIA TOPINO;;;Scontro frontale/laterale DX fra veicoli in marcia;Incrocio;Due carreggiate;Asciutto;Asfaltata;Verticale;Sereno;Intenso;Buona;Ore Diurne;0;0;0;2;;;-1;2;Ciclomotore;In marcia / fermata / arresto;Conducente;M;Illeso;0;;Non accertato;Inesistente
1666508;2;19/01/2006 09:30;Strada Urbana;VIALE ETIOPIA;all'intersezione con;VIA TEMBIEN;VIA TEMBIEN;;;Scontro frontale/laterale SX fra veicoli in marcia;Incrocio;Una carreggiata a doppio senso;Asciutto;Asfaltata;Verticale;Sereno;Normale;Buona;Ore Diurne;1;0;0;1;;;-1;1;Autovettura privata;In marcia / fermata / arresto;Conducente;M;Illeso;0;;Non accertato;Inesploso
1666508;2;19/01/2006 09:30;Strada Urbana;VIALE ETIOPIA;all'intersezione con;VIA TEMBIEN;VIA TEMBIEN;;;Scontro frontale/laterale SX fra veicoli in marcia;Incrocio;Una carreggiata a doppio senso;Asciutto;Asfaltata;Verticale;Sereno;Normale;Buona;Ore Diurne;1;0;0;1;;;-1;2;Autovettura privata;In marcia / fermata / arresto;Conducente;M;Rifiuta cure immediate;0;NON DECEDUTO;Non accertato;Inesistente
1666509;2;19/01/2006 18:40;Strada Urbana;LUNGOTEVERE ARNALDO DA BRESCIA;da specificare;;;;al termine del sottovia;Scontro laterale fra veicoli in marcia;Rettilineo;Una carreggiata a senso unico di marcia;Asciutto;Asfaltata;Orizzontale;Sereno;Normale;Sufficiente;Sufficiente;0;0;0;2;;;-1;1;Motociclo a solo;In marcia / fermata / arresto;Conducente;M;Illeso;0;;Non accertato;Inesistente
1666509;2;19/01/2006 18:40;Strada Urbana;LUNGOTEVERE ARNALDO DA BRESCIA;da specificare;;;;al termine del sottovia;Scontro laterale fra veicoli in marcia;Rettilineo;Una carreggiata a senso unico di marcia;Asciutto;Asfaltata;Orizzontale;Sereno;Normale;Sufficiente;Sufficiente;0;0;0;2;;;-1;2;Autovettura privata;In marcia / fermata / arresto;Conducente;M;Illeso;0;;Non accertato;Inesistente
1666510;3;18/01/2006 12:30;Strada Urbana;LARGO RODOLFO LANCIANI;all'intersezione semaforizzata con;CIRCONVALLAZIONE NOMENTANA;CIRCONVALLAZIONE NOMENTANA;;;Scontro laterale fra veicoli in marcia;Intersezione semaforizzata;Due carreggiate;Bagnato (pioggia);Asfaltata;Verticale ed orizzontale;Pioggia in atto;Normale;Buona;Ore Diurne;2;0;0;0;;;-1;1;Autovettura di polizia;In marcia / fermata / arresto;Conducente;M;Rimandato;0;NON DECEDUTO;Non accertato;Inesistente
1666510;3;18/01/2006 12:30;Strada Urbana;LARGO RODOLFO LANCIANI;all'intersezione semaforizzata con;CIRCONVALLAZIONE NOMENTANA;CIRCONVALLAZIONE NOMENTANA;;;Scontro laterale fra veicoli in marcia;Intersezione semaforizzata;Due carreggiate;Bagnato (pioggia);Asfaltata;Verticale ed orizzontale;Pioggia in atto;Normale;Buona;Ore Diurne;2;0;0;0;;;-1;2;Autocarro inferiore 35 q.;In marcia / fermata / arresto;Conducente;M;Rimandato;0;NON DECEDUTO;Non accertato;Inesistente
1666511;3;18/01/2006 14:30;Strada Urbana;VIA NOMENTANA;all'intersezione semaforizzata con;VIALE VENTUNO APRILE;VIALE VENTUNO APRILE;;;Scontro frontale/laterale SX fra veicoli in marcia;Incrocio;Una carreggiata a doppio senso;Bagnato (pioggia);Asfaltata;Verticale ed orizzontale;Pioggia in atto;Normale;Buona;Ore Diurne;1;0;0;1;;;-1;1;Motociclo a solo;In marcia / fermata / arresto;Conducente;M;Rifiuta cure immediate;0;NON DECEDUTO;Non accertato;Inesistente
1666511;3;18/01/2006 14:30;Strada Urbana;VIA NOMENTANA;all'intersezione semaforizzata con;VIALE VENTUNO APRILE;VIALE VENTUNO APRILE;;;Scontro frontale/laterale SX fra veicoli in marcia;Incrocio;Una carreggiata a doppio senso;Bagnato (pioggia);Asfaltata;Verticale ed orizzontale;Pioggia in atto;Normale;Buona;Ore Diurne;1;0;0;1;;;-1;2;Autovettura privata;In marcia / fermata / arresto;Conducente;M;Illeso;0;;Non accertato;Inesistente
1666512;3;18/01/2006 17:30;Strada Urbana;VIA RODOLFO LANCIANI;in prossimità;;del civico n. ;11;;Scontro laterale fra veicoli in marcia;Rettilineo;Due carreggiate;Bagnato (pioggia);Asfaltata;Verticale ed orizzontale;Pioggia in atto;Intenso;Sufficiente;Sufficiente;0;0;0;2;;;-1;1;Autovettura privata;In marcia / fermata / arresto;Conducente;F;Illeso;0;;Non accertato;Inesistente
1666512;3;18/01/2006 17:30;Strada Urbana;VIA RODOLFO LANCIANI;in prossimità;;del civico n. ;11;;Scontro laterale fra veicoli in marcia;Rettilineo;Due carreggiate;Bagnato (pioggia);Asfaltata;Verticale ed orizzontale;Pioggia in atto;Intenso;Sufficiente;Sufficiente;0;0;0;2;;;-1;2;Autovettura privata;In marcia / fermata / arresto;Conducente;F;Illeso;0;;Non accertato;Inesistente
1666513;3;18/01/2006 18:25;Strada Urbana;VIALE DELLO SCALO S. LORENZO;in prossimità;;del civico n. ;34;;Scontro laterale fra veicoli in marcia;Rettilineo;Più di due carreggiate;Bagnato (pioggia);Asfaltata;Verticale ed orizzontale;Pioggia in atto;Normale;Buona;Sufficiente;0;0;0;2;;;-1;1;Autovettura privata;In marcia / fermata / arresto;Conducente;F;Illeso;0;;Non accertato;Inesistente
1666513;3;18/01/2006 18:25;Strada Urbana;VIALE DELLO SCALO S. LORENZO;in prossimità;;del civico n. ;34;;Scontro laterale fra veicoli in marcia;Rettilineo;Più di due carreggiate;Bagnato (pioggia);Asfaltata;Verticale ed orizzontale;Pioggia in atto;Normale;Buona;Sufficiente;0;0;0;2;;;-1;2;Autotreno;In marcia / fermata / arresto;Conducente;M;Illeso;0;;Non accertato;Inesistente
1666514;3;18/01/2006 19:20;Strada Urbana;VIA GIOVANNI BATTISTA MORGAGNI;in prossimità;;del civico n. ;23;;Investimento di pedone;Pendenza;Una carreggiata a doppio senso;Bagnato (umidità in atto);Asfaltata;Verticale ed orizzontale;Nuvoloso;Intenso;Buona;Sufficiente;2;0;0;0;;;-1;;;;Pedone;F;Ricoverato;0;NON DECEDUTO;;