Protocollo;Gruppo;DataOraIncidente;Localizzazione1;STRADA1;Localizzazione2;STRADA2;Strada02;Chilometrica;DaSpecificare;NaturaIncidente;particolaritastrade;TipoStrada;FondoStradale;Pavimentazione;Segnaletica;CondizioneAtmosferica;Traffico;Visibilita;Illuminazione;NUM_FERITI;NUM_RISERVATA;NUM_MORTI;NUM_ILLESI;Longitudine;Latitudine;Confermato;Progressivo;TipoVeicolo;StatoVeicolo;TipoPersona;Sesso;Tipolesione;Deceduto;DecedutoDopo;CinturaCascoUtilizzato;Airbag
1667174;9;18/01/2006 17:10;Strada Urbana;VIA DELLA STAZIONE TUSCOLANA;all'intersezione con;VIA S. ANTONIO MARIA GIANELLI;VIA S. ANTONIO MARIA GIANELLI;;;Scontro laterale fra veicoli in marcia;Incrocio;Una carreggiata a doppio senso;Bagnato (pioggia);Asfaltata;Verticale ed orizzontale;Nuvoloso;Normale;Buona;Sufficiente;0;0;0;3;;;-1;1;Autovettura privata;In marcia / fermata / arresto;Conducente;M;Illeso;0;;Utilizzato;Inesistente
1667174;9;18/01/2006 17:10;Strada Urbana;VIA DELLA STAZIONE TUSCOLANA;all'intersezione con;VIA S. ANTONIO MARIA GIANELLI;VIA S. ANTONIO MARIA GIANELLI;;;Scontro laterale fra veicoli in marcia;Incrocio;Una carreggiata a doppio senso;Bagnato (pioggia);Asfaltata;Verticale ed orizzontale;Nuvoloso;Normale;Buona;Sufficiente;0;0;0;3;;;-1;2;Ciclomotore;In marcia / fermata / arresto;Conducente;M;Illeso;0;;Utilizzato;Inesistente
1667174;9;18/01/2006 17:10;Strada Urbana;VIA DELLA STAZIONE TUSCOLANA;all'intersezione con;VIA S. ANTONIO MARIA GIANELLI;VIA S. ANTONIO MARIA GIANELLI;;;Scontro laterale fra veicoli in marcia;Incrocio;Una carreggiata a doppio senso;Bagnato (pioggia);Asfaltata;Verticale ed orizzontale;Nuvoloso;Normale;Buona;Sufficiente;0;0;0;3;;;-1;2;Ciclomotore;In marcia / fermata / arresto;Passeggero;M;Illeso;0;;Utilizzato;Inesistente
1667175;9;18/01/2006 17:50;Strada Urbana;PIAZZA RAGUSA;in corrispondenza;;del civico n. ;58;;Investimento di pedone;Rettilineo;Una carreggiata a doppio senso;Bagnato (pioggia);Asfaltata;Verticale ed orizzontale;Pioggia in atto;Normale;Sufficiente;Sufficiente;1;0;0;1;;;-1;;;;Pedone;M;Rimandato;0;NON DECEDUTO;;
1667175;9;18/01/2006 17:50;Strada Urbana;PIAZZA RAGUSA;in corrispondenza;;del civico n. ;58;;Investimento di pedone;Rettilineo;Una carreggiata a doppio senso;Bagnato (pioggia);Asfaltata;Verticale ed orizzontale;Pioggia in atto;Normale;Sufficiente;Sufficiente;1;0;0;1;;;-1;1;Motociclo a solo;In marcia / fermata / arresto;Conducente;M;Illeso;0;;Non accertato;Inesistente
1667176;9;18/01/2006 17:55;Strada Urbana;VIA TUSCOLANA;all'intersezione con;VIA CAMILLA;VIA CAMILLA;;;Infortunio per sola frenata improvvisa;Incrocio;Una carreggiata a doppio senso;Bagnato (pioggia);Asfaltata;Orizzontale;Pioggia in atto;Intenso;Sufficiente;Sufficiente;0;0;0;2;;;-1;1;Autocarro inferiore 35 q.;In marcia / fermata / arresto;Conducente;M;Illeso;0;;Non accertato;Inesistente
1667176;9;18/01/2006 17:55;Strada Urbana;VIA TUSCOLANA;all'intersezione con;VIA CAMILLA;VIA CAMILLA;;;Infortunio per sola frenata improvvisa;Incrocio;Una carreggiata a doppio senso;Bagnato (pioggia);Asfaltata;Orizzontale;Pioggia in atto;Intenso;Sufficiente;Sufficiente;0;0;0;2;;;-1;2;Motociclo a solo;In marcia / fermata / arresto;Conducente;M;Illeso;0;;Utilizzato;Inesistente
1667178;9;18/01/2006 20:28;Strada Urbana;VIA CONCORDIA;all'intersezione con;PIAZZA ZAMA;PIAZZA ZAMA;;;Scontro frontale/laterale DX fra veicoli in marcia;Incrocio;Una carreggiata a doppio senso;Bagnato (umidità in atto);Asfaltata;Verticale ed orizzontale;Nuvoloso;Normale;Sufficiente;Insufficiente;1;0;0;1;;;-1;1;Autovettura privata;In marcia / fermata / arresto;Conducente;M;Illeso;0;;Non accertato;Inesistente
1667178;9;18/01/2006 20:28;Strada Urbana;VIA CONCORDIA;all'intersezione con;PIAZZA ZAMA;PIAZZA ZAMA;;;Scontro frontale/laterale DX fra veicoli in marcia;Incrocio;Una carreggiata a doppio senso;Bagnato (umidità in atto);Asfaltata;Verticale ed orizzontale;Nuvoloso;Normale;Sufficiente;Insufficiente;1;0;0;1;;;-1;2;Ciclomotore;In marcia / fermata / arresto;Conducente;M;Rimandato;0;NON DECEDUTO;Non accertato;Inesistente
1667179;9;19/01/2006 02:00;Strada Urbana;VIA APPIA NUOVA;in prossimità;;del civico n. ;520/A;;Scontro frontale/laterale DX fra veicoli in marcia;Rettilineo;Due carreggiate;Bagnato (umidità in atto);Asfaltata;Assente;Nuvoloso;Scarso;Buona;Sufficiente;0;0;0;2;;;-1;1;Autovettura privata;In marcia / fermata / arresto;Conducente;M;Illeso;0;;Non accertato;Inesploso
1667179;9;19/01/2006 02:00;Strada Urbana;VIA APPIA NUOVA;in prossimità;;del civico n. ;520/A;;Scontro frontale/laterale DX fra veicoli in marcia;Rettilineo;Due carreggiate;Bagnato (umidità in atto);Asfaltata;Assente;Nuvoloso;Scarso;Buona;Sufficiente;0;0;0;2;;;-1;2;Autovettura privata;In marcia / fermata / arresto;Conducente;F;Illeso;0;;Non accertato;Inesploso
1667180;9;19/01/2006 08:20;Strada Urbana;VIA APPIA NUOVA;all'intersezione semaforizzata con;VIA FALERIA;VIA FALERIA;;;Investimento di pedone;Intersezione semaforizzata;Due carreggiate;Bagnato (umidità in atto);Asfaltata;Verticale ed orizzontale;Sereno;Normale;Buona;Ore Diurne;1;0;0;1;;;-1;;;;Pedone;M;Rifiuta cure immediate;0;NON DECEDUTO;;
1667180;9;19/01/2006 08:20;Strada Urbana;VIA APPIA NUOVA;all'intersezione semaforizzata con;VIA FALERIA;VIA FALERIA;;;Investimento di pedone;Intersezione semaforizzata;Due carreggiate;Bagnato (umidità in atto);Asfaltata;Verticale ed orizzontale;Sereno;Normale;Buona;Ore Diurne;1;0;0;1;;;-1;1;Autovettura privata;In marcia / fermata / arresto;Conducente;F;Illeso;0;;Non accertato;Inesistente
1667181;9;19/01/2006 13:30;Strada Urbana;VIA APPIA NUOVA;all'intersezione con;VIA DON ORIONE;VIA DON ORIONE;;;Scontro frontale/laterale DX fra veicoli in marcia;Intersezione stradale segnalata;Due carreggiate;Asciutto;Asfaltata;Verticale ed orizzontale;Sereno;Normale;Buona;Ore Diurne;1;0;0;1;;;-1;1;Quadriciclo leggero;In marcia / fermata / arresto;Conducente;F;Illeso;0;;Non accertato;Inesistente
1667181;9;19/01/2006 13:30;Strada Urbana;VIA APPIA NUOVA;all'intersezione con;VIA DON ORIONE;VIA DON ORIONE;;;Scontro frontale/laterale DX fra veicoli in marcia;Intersezione stradale segnalata;Due carreggiate;Asciutto;Asfaltata;Verticale ed orizzontale;Sereno;Normale;Buona;Ore Diurne;1;0;0;1;;;-1;2;Motociclo a solo;In marcia / fermata / arresto;Conducente;M;Rimandato;0;NON DECEDUTO;Utilizzato;Inesistente
1667182;9;19/01/2006 15:15;Strada Urbana;VIA SIRIA;all'intersezione con;PIAZZA ZAMA;PIAZZA ZAMA;;;Scontro frontale/laterale DX fra veicoli in marcia;Incrocio;Una carreggiata a senso unico di marcia;Asciutto;Asfaltata;Verticale;Sereno;Normale;Buona;Ore Diurne;1;0;0;1;;;-1;1;Autovettura privata;In marcia / fermata / arresto;Conducente;M;Illeso;0;;Non accertato;Inesistente
1667182;9;19/01/2006 15:15;Strada Urbana;VIA SIRIA;all'intersezione con;PIAZZA ZAMA;PIAZZA ZAMA;;;Scontro frontale/laterale DX fra veicoli in marcia;Incrocio;Una carreggiata a senso unico di marcia;Asciutto;Asfaltata;Verticale;Sereno;Normale;Buona;Ore Diurne;1;0;0;1;;;-1;2;Autovettura privata;In marcia / fermata / arresto;Conducente;F;Rimandato;0;NON DECEDUTO;Utilizzato;Inesistente
1667183;9;19/01/2006 19:00;Strada Urbana;VIA SOANA;in prossimità;;del civico n. ;22;;Veicolo in marcia contro veicolo arresto;Rettilineo;Una carreggiata a doppio senso;Asciutto;Asfaltata;Orizzontale;Sereno;Normale;Buona;Sufficiente;0;0;0;3;;;-1;1;Autobus di linea;In marcia / fermata / arresto;Conducente;M;Illeso;0;;Esente;Inesistente
1667183;9;19/01/2006 19:00;Strada Urbana;VIA SOANA;in prossimità;;del civico n. ;22;;Veicolo in marcia contro veicolo arresto;Rettilineo;Una carreggiata a doppio senso;Asciutto;Asfaltata;Orizzontale;Sereno;Normale;Buona;Sufficiente;0;0;0;3;;;-1;2;Autovettura privata;In marcia / fermata / arresto;Conducente;M;Illeso;0;;Non accertato;Inesistente
1667183;9;19/01/2006 19:00;Strada Urbana;VIA SOANA;in prossimità;;del civico n. ;22;;Veicolo in marcia contro veicolo arresto;Rettilineo;Una carreggiata a doppio senso;Asciutto;Asfaltata;Orizzontale;Sereno;Normale;Buona;Sufficiente;0;0;0;3;;;-1;2;Autovettura privata;In marcia / fermata / arresto;Passeggero;F;Illeso;0;;Non accertato;Inesistente
1667185;9;20/01/2006 11:10;Strada Urbana;VIA TOMMASO FORTIFIOCCA;in prossimità;;del civico n. ;71;;Veicolo in marcia contro veicolo arresto;Rettilineo;Una carreggiata a doppio senso;Asciutto;Asfaltata;Orizzontale;Sereno;Normale;Buona;Ore Diurne;0;0;0;2;;;-1;1;Autovettura privata;In marcia / fermata / arresto;Conducente;F;Illeso;0;;Non accertato;Inesploso
1667185;9;20/01/2006 11:10;Strada Urbana;VIA TOMMASO FORTIFIOCCA;in prossimità;;del civico n. ;71;;Veicolo in marcia contro veicolo arresto;Rettilineo;Una carreggiata a doppio senso;Asciutto;Asfaltata;Orizzontale;Sereno;Normale;Buona;Ore Diurne;0;0;0;2;;;-1;2;Autovettura privata;In marcia / fermata / arresto;Conducente;M;Illeso;0;;Non accertato;Inesistente
1667186;9;20/01/2006 19:10;Strada Urbana;VIA MONZA;all'intersezione semaforizzata con;VIA TARANTO;VIA TARANTO;;;Scontro frontale/laterale DX fra veicoli in marcia;Incrocio;Una carreggiata a doppio senso;Asciutto;Asfaltata;Verticale ed orizzontale;Sereno;Normale;Sufficiente;Sufficiente;0;0;0;7;;;-1;1;Autovettura privata;In marcia / fermata / arresto;Conducente;M;Illeso;0;;Non accertato;Inesistente
1667186;9;20/01/2006 19:10;Strada Urbana;VIA MONZA;all'intersezione semaforizzata con;VIA TARANTO;VIA TARANTO;;;Scontro frontale/laterale DX fra veicoli in marcia;Incrocio;Una carreggiata a doppio senso;Asciutto;Asfaltata;Verticale ed orizzontale;Sereno;Normale;Sufficiente;Sufficiente;0;0;0;7;;;-1;1;Autovettura privata;In marcia / fermata / arresto;Passeggero;F;Illeso;0;;Non accertato;Inesistente
1667186;9;20/01/2006 19:10;Strada Urbana;VIA MONZA;all'intersezione semaforizzata con;VIA TARANTO;VIA TARANTO;;;Scontro frontale/laterale DX fra veicoli in marcia;Incrocio;Una carreggiata a doppio senso;Asciutto;Asfaltata;Verticale ed orizzontale;Sereno;Normale;Sufficiente;Sufficiente;0;0;0;7;;;-1;1;Autovettura privata;In marcia / fermata / arresto;Passeggero;M;Illeso;0;;Non accertato;Inesistente
1667186;9;20/01/2006 19:10;Strada Urbana;VIA MONZA;all'intersezione semaforizzata con;VIA TARANTO;VIA TARANTO;;;Scontro frontale/laterale DX fra veicoli in marcia;Incrocio;Una carreggiata a doppio senso;Asciutto;Asfaltata;Verticale ed orizzontale;Sereno;Normale;Sufficiente;Sufficiente;0;0;0;7;;;-1;1;Autovettura privata;In marcia / fermata / arresto;Passeggero;F;Illeso;0;;Non accertato;Inesistente
1667186;9;20/01/2006 19:10;Strada Urbana;VIA MONZA;all'intersezione semaforizzata con;VIA TARANTO;VIA TARANTO;;;Scontro frontale/laterale DX fra veicoli in marcia;Incrocio;Una carreggiata a doppio senso;Asciutto;Asfaltata;Verticale ed orizzontale;Sereno;Normale;Sufficiente;Sufficiente;0;0;0;7;;;-1;2;Autovettura privata;In marcia / fermata / arresto;Conducente;M;Illeso;0;;Non accertato;Inesistente
1667186;9;20/01/2006 19:10;Strada Urbana;VIA MONZA;all'intersezione semaforizzata con;VIA TARANTO;VIA TARANTO;;;Scontro frontale/laterale DX fra veicoli in marcia;Incrocio;Una carreggiata a doppio senso;Asciutto;Asfaltata;Verticale ed orizzontale;Sereno;Normale;Sufficiente;Sufficiente;0;0;0;7;;;-1;2;Autovettura privata;In marcia / fermata / arresto;Passeggero;F;Illeso;0;;Non accertato;Inesistente
1667186;9;20/01/2006 19:10;Strada Urbana;VIA MONZA;all'intersezione semaforizzata con;VIA TARANTO;VIA TARANTO;;;Scontro frontale/laterale DX fra veicoli in marcia;Incrocio;Una carreggiata a doppio senso;Asciutto;Asfaltata;Verticale ed orizzontale;Sereno;Normale;Sufficiente;Sufficiente;0;0;0;7;;;-1;2;Autovettura privata;In marcia / fermata / arresto;Passeggero;F;Illeso;0;;Non accertato;Inesistente
1667187;9;20/01/2006 20:45;Strada Urbana;VIA ACAIA;da specificare;;;;ALT. VIA SINUESSA;Tamponamento;Rettilineo;Una carreggiata a doppio senso;Asciutto;Asfaltata;Orizzontale;Sereno;Normale;Buona;Sufficiente;0;0;0;2;;;-1;1;Motociclo a solo;In marcia / fermata / arresto;Conducente;M;Illeso;0;;Non accertato;Inesistente
1667187;9;20/01/2006 20:45;Strada Urbana;VIA ACAIA;da specificare;;;;ALT. VIA SINUESSA;Tamponamento;Rettilineo;Una carreggiata a doppio senso;Asciutto;Asfaltata;Orizzontale;Sereno;Normale;Buona;Sufficiente;0;0;0;2;;;-1;2;Motociclo a solo;In marcia / fermata / arresto;Conducente;M;Illeso;0;;Non accertato;Inesistente
1667188;9;21/01/2006 02:30;Strada Urbana;VIA TUSCOLANA;in prossimità;;del civico n. ;576;;Scontro laterale fra veicoli in marcia;Rettilineo;Due carreggiate;Asciutto;Asfaltata;Assente;Sereno;Scarso;Sufficiente;Sufficiente;0;0;0;3;;;-1;1;Autovettura privata;In marcia / fermata / arresto;Conducente;M;Illeso;0;;Non accertato;Inesploso
1667188;9;21/01/2006 02:30;Strada Urbana;VIA TUSCOLANA;in prossimità;;del civico n. ;576;;Scontro laterale fra veicoli in marcia;Rettilineo;Due carreggiate;Asciutto;Asfaltata;Assente;Sereno;Scarso;Sufficiente;Sufficiente;0;0;0;3;;;-1;1;Autovettura privata;In marcia / fermata / arresto;Passeggero;M;Illeso;0;;Non accertato;Inesploso
1667188;9;21/01/2006 02:30;Strada Urbana;VIA TUSCOLANA;in prossimità;;del civico n. ;576;;Scontro laterale fra veicoli in marcia;Rettilineo;Due carreggiate;Asciutto;Asfaltata;Assente;Sereno;Scarso;Sufficiente;Sufficiente;0;0;0;3;;;-1;2;Autovettura privata;In marcia / fermata / arresto;Conducente;F;Illeso;0;;Non accertato;Inesploso
1667189;9;21/01/2006 04:55;Strada Urbana;VIA TUSCOLANA;in corrispondenza;;del palo luce n. ;165;;Veicolo in marcia contro ostacolo fisso;Rettilineo;Due carreggiate;Asciutto;Asfaltata;Verticale ed orizzontale;Sereno;Scarso;Buona;Sufficiente;0;0;0;1;;;-1;1;Autovettura privata;In marcia / fermata / arresto;Conducente;M;Illeso;0;;Utilizzato;Esploso
1667190;9;21/01/2006 13:30;Strada Urbana;VIALE CASTRENSE;all'intersezione semaforizzata con;VIA NOLA;VIA NOLA;;;Scontro laterale fra veicoli in marcia;Intersezione semaforizzata;Una carreggiata a doppio senso;Asciutto;Asfaltata;Verticale ed orizzontale;Sereno;Normale;Buona;Ore Diurne;0;0;0;2;;;-1;1;Autovettura privata;In marcia / fermata / arresto;Conducente;M;Illeso;0;;Utilizzato;Inesploso
1667190;9;21/01/2006 13:30;Strada Urbana;VIALE CASTRENSE;all'intersezione semaforizzata con;VIA NOLA;VIA NOLA;;;Scontro laterale fra veicoli in marcia;Intersezione semaforizzata;Una carreggiata a doppio senso;Asciutto;Asfaltata;Verticale ed orizzontale;Sereno;Normale;Buona;Ore Diurne;0;0;0;2;;;-1;2;Motociclo a solo;In marcia / fermata / arresto;Conducente;M;Illeso;0;;Utilizzato;Inesistente
1667191;9;21/01/2006 15:30;Strada Urbana;VIA TERNI;all'intersezione con;VIA FOLIGNO;VIA FOLIGNO;;;Scontro frontale/laterale SX fra veicoli in marcia;Incrocio;Una carreggiata a doppio senso;Asciutto;Asfaltata;Verticale ed orizzontale;Sereno;Normale;Buona;Ore Diurne;1;0;0;2;;;-1;1;Autovettura privata;In marcia / fermata / arresto;Conducente;M;Illeso;0;;Non accertato;Inesploso
1667191;9;21/01/2006 15:30;Strada Urbana;VIA TERNI;all'intersezione con;VIA FOLIGNO;VIA FOLIGNO;;;Scontro frontale/laterale SX fra veicoli in marcia;Incrocio;Una carreggiata a doppio senso;Asciutto;Asfaltata;Verticale ed orizzontale;Sereno;Normale;Buona;Ore Diurne;1;0;0;2;;;-1;1;Autovettura privata;In marcia / fermata / arresto;Passeggero;F;Illeso;0;;Non accertato;Inesploso
1667191;9;21/01/2006 15:30;Strada Urbana;VIA TERNI;all'intersezione con;VIA FOLIGNO;VIA FOLIGNO;;;Scontro frontale/laterale SX fra veicoli in marcia;Incrocio;Una carreggiata a doppio senso;Asciutto;Asfaltata;Verticale ed orizzontale;Sereno;Normale;Buona;Ore Diurne;1;0;0;2;;;-1;2;Motociclo a solo;In marcia / fermata / arresto;Conducente;M;Rimandato;0;NON DECEDUTO;Non accertato;Inesistente
1667192;9;21/01/2006 17:30;Strada Urbana;VIA GALLIA;in prossimità;;del civico n. ;162;;Tamponamento;Rettilineo;Una carreggiata a doppio senso;Asciutto;Asfaltata;Orizzontale;Nebbia;Normale;Buona;Sufficiente;1;0;0;2;;;-1;1;Autovettura privata;In marcia / fermata / arresto;Conducente;M;Rimandato;0;NON DECEDUTO;Non accertato;Inesploso
1667192;9;21/01/2006 17:30;Strada Urbana;VIA GALLIA;in prossimità;;del civico n. ;162;;Tamponamento;Rettilineo;Una carreggiata a doppio senso;Asciutto;Asfaltata;Orizzontale;Nebbia;Normale;Buona;Sufficiente;1;0;0;2;;;-1;2;Autovettura privata;In marcia / fermata / arresto;Conducente;M;Illeso;0;;Non accertato;Inesistente
1667192;9;21/01/2006 17:30;Strada Urbana;VIA GALLIA;in prossimità;;del civico n. ;162;;Tamponamento;Rettilineo;Una carreggiata a doppio senso;Asciutto;Asfaltata;Orizzontale;Nebbia;Normale;Buona;Sufficiente;1;0;0;2;;;-1;2;Autovettura privata;In marcia / fermata / arresto;Passeggero;M;Illeso;0;;Non accertato;Inesistente
1667194;9;21/01/2006 18:00;Strada Urbana;VIALE CASTRENSE;all'intersezione con;VIA SAN SEVERO;VIA SAN SEVERO;;;Veicolo in marcia contro veicolo fermo;Intersezione stradale segnalata;Una carreggiata a senso unico di marcia;Asciutto;Asfaltata;Verticale ed orizzontale;Sereno;Intenso;Buona;Inesistente;0;0;0;2;;;-1;1;Autovettura privata;In marcia / fermata / arresto;Conducente;M;Illeso;0;;Non accertato;Inesistente
1667194;9;21/01/2006 18:00;Strada Urbana;VIALE CASTRENSE;all'intersezione con;VIA SAN SEVERO;VIA SAN SEVERO;;;Veicolo in marcia contro veicolo fermo;Intersezione stradale segnalata;Una carreggiata a senso unico di marcia;Asciutto;Asfaltata;Verticale ed orizzontale;Sereno;Intenso;Buona;Inesistente;0;0;0;2;;;-1;2;Autovettura privata;In marcia / fermata / arresto;Conducente;M;Illeso;0;;Non accertato;Inesistente
1667195;9;21/01/2006 20:15;Strada Urbana;LARGO DON ORIONE;da specificare;;;;PROSS. VIA DON ORIONE;Scontro frontale/laterale SX fra veicoli in marcia;Rettilineo;Una carreggiata a doppio senso;Asciutto;Asfaltata;Assente;Sereno;Normale;Buona;Sufficiente;0;0;0;4;;;-1;1;Autovettura privata;In marcia / fermata / arresto;Conducente;M;Illeso;0;;Non accertato;Inesistente
1667195;9;21/01/2006 20:15;Strada Urbana;LARGO DON ORIONE;da specificare;;;;PROSS. VIA DON ORIONE;Scontro frontale/laterale SX fra veicoli in marcia;Rettilineo;Una carreggiata a doppio senso;Asciutto;Asfaltata;Assente;Sereno;Normale;Buona;Sufficiente;0;0;0;4;;;-1;1;Autovettura privata;In marcia / fermata / arresto;Passeggero;F;Illeso;0;;Non accertato;Inesistente
1667195;9;21/01/2006 20:15;Strada Urbana;LARGO DON ORIONE;da specificare;;;;PROSS. VIA DON ORIONE;Scontro frontale/laterale SX fra veicoli in marcia;Rettilineo;Una carreggiata a doppio senso;Asciutto;Asfaltata;Assente;Sereno;Normale;Buona;Sufficiente;0;0;0;4;;;-1;2;Autovettura privata;In marcia / fermata / arresto;Conducente;M;Illeso;0;;Non accertato;Inesistente
1667195;9;21/01/2006 20:15;Strada Urbana;LARGO DON ORIONE;da specificare;;;;PROSS. VIA DON ORIONE;Scontro frontale/laterale SX fra veicoli in marcia;Rettilineo;Una carreggiata a doppio senso;Asciutto;Asfaltata;Assente;Sereno;Normale;Buona;Sufficiente;0;0;0;4;;;-1;2;Autovettura privata;In marcia / fermata / arresto;Passeggero;M;Illeso;0;;Non accertato;Inesistente
1667196;9;21/01/2006 22:40;Strada Urbana;VIA DELL'ARCO DI TRAVERTINO;all'intersezione con;VIA CARROCETO;VIA CARROCETO;;;Scontro laterale fra veicoli in marcia;Incrocio;Una carreggiata a senso unico di marcia;Asciutto;Asfaltata;Verticale ed orizzontale;Sereno;Scarso;Sufficiente;Sufficiente;0;0;0;4;;;-1;1;Autovettura privata;In marcia / fermata / arresto;Conducente;F;Illeso;0;;Non accertato;Inesploso
1667196;9;21/01/2006 22:40;Strada Urbana;VIA DELL'ARCO DI TRAVERTINO;all'intersezione con;VIA CARROCETO;VIA CARROCETO;;;Scontro laterale fra veicoli in marcia;Incrocio;Una carreggiata a senso unico di marcia;Asciutto;Asfaltata;Verticale ed orizzontale;Sereno;Scarso;Sufficiente;Sufficiente;0;0;0;4;;;-1;1;Autovettura privata;In marcia / fermata / arresto;Passeggero;F;Illeso;0;;Non accertato;Inesploso
1667196;9;21/01/2006 22:40;Strada Urbana;VIA DELL'ARCO DI TRAVERTINO;all'intersezione con;VIA CARROCETO;VIA CARROCETO;;;Scontro laterale fra veicoli in marcia;Incrocio;Una carreggiata a senso unico di marcia;Asciutto;Asfaltata;Verticale ed orizzontale;Sereno;Scarso;Sufficiente;Sufficiente;0;0;0;4;;;-1;2;Autovettura privata;In marcia / fermata / arresto;Conducente;F;Illeso;0;;Non accertato;Inesploso
1667196;9;21/01/2006 22:40;Strada Urbana;VIA DELL'ARCO DI TRAVERTINO;all'intersezione con;VIA CARROCETO;VIA CARROCETO;;;Scontro laterale fra veicoli in marcia;Incrocio;Una carreggiata a senso unico di marcia;Asciutto;Asfaltata;Verticale ed orizzontale;Sereno;Scarso;Sufficiente;Sufficiente;0;0;0;4;;;-1;2;Autovettura privata;In marcia / fermata / arresto;Passeggero;M;Illeso;0;;Non accertato;Inesploso
1667197;9;01/01/2006 12:25;Strada Urbana;PIAZZA CESARE CANTU';all'intersezione semaforizzata con;VIA APPIA NUOVA;VIA APPIA NUOVA;;;Investimento di pedone;Intersezione semaforizzata;Una carreggiata a senso unico di marcia;Asciutto;Asfaltata;Verticale ed orizzontale;Sereno;Normale;Buona;Ore Diurne;2;0;0;1;;;-1;;;;Pedone;M;Rimandato;0;NON DECEDUTO;;
1667197;9;01/01/2006 12:25;Strada Urbana;PIAZZA CESARE CANTU';all'intersezione semaforizzata con;VIA APPIA NUOVA;VIA APPIA NUOVA;;;Investimento di pedone;Intersezione semaforizzata;Una carreggiata a senso unico di marcia;Asciutto;Asfaltata;Verticale ed orizzontale;Sereno;Normale;Buona;Ore Diurne;2;0;0;1;;;-1;;;;Pedone;F;Rimandato;0;NON DECEDUTO;;
1667197;9;01/01/2006 12:25;Strada Urbana;PIAZZA CESARE CANTU';all'intersezione semaforizzata con;VIA APPIA NUOVA;VIA APPIA NUOVA;;;Investimento di pedone;Intersezione semaforizzata;Una carreggiata a senso unico di marcia;Asciutto;Asfaltata;Verticale ed orizzontale;Sereno;Normale;Buona;Ore Diurne;2;0;0;1;;;-1;1;Autovettura privata;In marcia / fermata / arresto;Conducente;M;Illeso;0;;Non accertato;Inesploso
1667198;9;22/01/2006 17:45;Strada Urbana;VIA MAGNAGRECIA;all'intersezione semaforizzata con;PIAZZALE APPIO;PIAZZALE APPIO;;;Scontro laterale fra veicoli in marcia;Intersezione semaforizzata;Due carreggiate;Asciutto;Asfaltata;Verticale ed orizzontale;Sereno;Scarso;Buona;Sufficiente;1;0;0;5;;;-1;1;Autovettura privata;In marcia / fermata / arresto;Conducente;M;Illeso;0;;Non accertato;Inesploso
1667198;9;22/01/2006 17:45;Strada Urbana;VIA MAGNAGRECIA;all'intersezione semaforizzata con;PIAZZALE APPIO;PIAZZALE APPIO;;;Scontro laterale fra veicoli in marcia;Intersezione semaforizzata;Due carreggiate;Asciutto;Asfaltata;Verticale ed orizzontale;Sereno;Scarso;Buona;Sufficiente;1;0;0;5;;;-1;1;Autovettura privata;In marcia / fermata / arresto;Passeggero;F;Rimandato;0;NON DECEDUTO;Non accertato;Inesploso
1667198;9;22/01/2006 17:45;Strada Urbana;VIA MAGNAGRECIA;all'intersezione semaforizzata con;PIAZZALE APPIO;PIAZZALE APPIO;;;Scontro laterale fra veicoli in marcia;Intersezione semaforizzata;Due carreggiate;Asciutto;Asfaltata;Verticale ed orizzontale;Sereno;Scarso;Buona;Sufficiente;1;0;0;5;;;-1;2;Autovettura privata;In marcia / fermata / arresto;Conducente;M;Illeso;0;;Non accertato;Inesploso
1667198;9;22/01/2006 17:45;Strada Urbana;VIA MAGNAGRECIA;all'intersezione semaforizzata con;PIAZZALE APPIO;PIAZZALE APPIO;;;Scontro laterale fra veicoli in marcia;Intersezione semaforizzata;Due carreggiate;Asciutto;Asfaltata;Verticale ed orizzontale;Sereno;Scarso;Buona;Sufficiente;1;0;0;5;;;-1;2;Autovettura privata;In marcia / fermata / arresto;Passeggero;F;Illeso;0;;Non accertato;Inesploso
1667198;9;22/01/2006 17:45;Strada Urbana;VIA MAGNAGRECIA;all'intersezione semaforizzata con;PIAZZALE APPIO;PIAZZALE APPIO;;;Scontro laterale fra veicoli in marcia;Intersezione semaforizzata;Due carreggiate;Asciutto;Asfaltata;Verticale ed orizzontale;Sereno;Scarso;Buona;Sufficiente;1;0;0;5;;;-1;2;Autovettura privata;In marcia / fermata / arresto;Passeggero;M;Illeso;0;;Non accertato;Inesploso
1667198;9;22/01/2006 17:45;Strada Urbana;VIA MAGNAGRECIA;all'intersezione semaforizzata con;PIAZZALE APPIO;PIAZZALE APPIO;;;Scontro laterale fra veicoli in marcia;Intersezione semaforizzata;Due carreggiate;Asciutto;Asfaltata;Verticale ed orizzontale;Sereno;Scarso;Buona;Sufficiente;1;0;0;5;;;-1;2;Autovettura privata;In marcia / fermata / arresto;Passeggero;F;Illeso;0;;Non accertato;Inesploso
1667199;9;23/01/2006 02:45;Strada Urbana;VIA TUSCOLANA;all'intersezione semaforizzata con;VIA VETURIA;VIA VETURIA;;;Scontro frontale/laterale DX fra veicoli in marcia;Incrocio;Una carreggiata a doppio senso;Asciutto;Asfaltata;Verticale ed orizzontale;Sereno;Scarso;Buona;Sufficiente;2;0;0;1;;;-1;1;Autovettura privata;In marcia / fermata / arresto;Conducente;M;Rimandato;0;NON DECEDUTO;Non accertato;Inesploso
1667199;9;23/01/2006 02:45;Strada Urbana;VIA TUSCOLANA;all'intersezione semaforizzata con;VIA VETURIA;VIA VETURIA;;;Scontro frontale/laterale DX fra veicoli in marcia;Incrocio;Una carreggiata a doppio senso;Asciutto;Asfaltata;Verticale ed orizzontale;Sereno;Scarso;Buona;Sufficiente;2;0;0;1;;;-1;2;Autovettura privata;In marcia / fermata / arresto;Conducente;M;Rimandato;0;NON DECEDUTO;Non accertato;Inesploso