Protocollo;Gruppo;DataOraIncidente;Localizzazione1;STRADA1;Localizzazione2;STRADA2;Strada02;Chilometrica;DaSpecificare;NaturaIncidente;particolaritastrade;TipoStrada;FondoStradale;Pavimentazione;Segnaletica;CondizioneAtmosferica;Traffico;Visibilita;Illuminazione;NUM_FERITI;NUM_RISERVATA;NUM_MORTI;NUM_ILLESI;Longitudine;Latitudine;Confermato;Progressivo;TipoVeicolo;StatoVeicolo;TipoPersona;Sesso;Tipolesione;Deceduto;DecedutoDopo;CinturaCascoUtilizzato;Airbag
1668245;13;17/01/2006 19:30;Strada Urbana;VIALE CAPITAN CONSALVO;in prossimità;;del civico n. ;28;;Tamponamento Multiplo;Rettilineo;Una carreggiata a doppio senso;Asciutto;Asfaltata;Verticale ed orizzontale;Nuvoloso;Intenso;Buona;Sufficiente;0;0;0;4;;;-1;1;Autovettura privata;In marcia / fermata / arresto;Conducente;M;Illeso;0;;Non accertato;Inesploso
1668245;13;17/01/2006 19:30;Strada Urbana;VIALE CAPITAN CONSALVO;in prossimità;;del civico n. ;28;;Tamponamento Multiplo;Rettilineo;Una carreggiata a doppio senso;Asciutto;Asfaltata;Verticale ed orizzontale;Nuvoloso;Intenso;Buona;Sufficiente;0;0;0;4;;;-1;2;Autovettura privata;In marcia / fermata / arresto;Conducente;F;Illeso;0;;Non accertato;Inesistente
1668245;13;17/01/2006 19:30;Strada Urbana;VIALE CAPITAN CONSALVO;in prossimità;;del civico n. ;28;;Tamponamento Multiplo;Rettilineo;Una carreggiata a doppio senso;Asciutto;Asfaltata;Verticale ed orizzontale;Nuvoloso;Intenso;Buona;Sufficiente;0;0;0;4;;;-1;3;Autovettura privata;In marcia / fermata / arresto;Conducente;M;Illeso;0;;Non accertato;Inesploso
1668245;13;17/01/2006 19:30;Strada Urbana;VIALE CAPITAN CONSALVO;in prossimità;;del civico n. ;28;;Tamponamento Multiplo;Rettilineo;Una carreggiata a doppio senso;Asciutto;Asfaltata;Verticale ed orizzontale;Nuvoloso;Intenso;Buona;Sufficiente;0;0;0;4;;;-1;3;Autovettura privata;In marcia / fermata / arresto;Passeggero;F;Illeso;0;;Non accertato;Inesploso
1668246;13;18/01/2006 03:00;Provinciale;VIA DEL MARE;in prossimità;;della chilometrica ;14,9;;Veicolo in marcia contro ostacolo fisso;Rettilineo;Una carreggiata a doppio senso;Bagnato (pioggia);Asfaltata;Orizzontale;Nuvoloso;Scarso;Buona;Sufficiente;1;0;0;0;;;-1;1;Autovettura privata;In marcia / fermata / arresto;Conducente;F;Rimandato;0;NON DECEDUTO;Non accertato;Inesistente
1668247;13;18/01/2006 05:20;Strada Urbana;PIAZZA ENRICO MILLO;all'intersezione con;VIA CARLO DEL GRECO;VIA CARLO DEL GRECO;;;Scontro frontale/laterale DX fra veicoli in marcia;Incrocio;Una carreggiata a doppio senso;Bagnato (pioggia);Asfaltata;Orizzontale;Nuvoloso;Scarso;Buona;Sufficiente;1;0;0;1;;;-1;1;Motociclo a solo;In marcia / fermata / arresto;Conducente;M;Rimandato;0;NON DECEDUTO;Utilizzato;Inesistente
1668247;13;18/01/2006 05:20;Strada Urbana;PIAZZA ENRICO MILLO;all'intersezione con;VIA CARLO DEL GRECO;VIA CARLO DEL GRECO;;;Scontro frontale/laterale DX fra veicoli in marcia;Incrocio;Una carreggiata a doppio senso;Bagnato (pioggia);Asfaltata;Orizzontale;Nuvoloso;Scarso;Buona;Sufficiente;1;0;0;1;;;-1;2;Autovettura privata;In marcia / fermata / arresto;Conducente;M;Illeso;0;;Non accertato;Inesistente
1668248;13;18/01/2006 08:35;Strada Urbana;VIA MICHELE BARBI;da specificare;;;;altezza Via Parodi;Scontro laterale fra veicoli in marcia;Rettilineo;Una carreggiata a doppio senso;Asciutto;Asfaltata;Assente;Nuvoloso;Normale;Buona;Ore Diurne;0;0;0;2;;;-1;1;Macchina operatrice;In marcia / fermata / arresto;Conducente;M;Illeso;0;;Non accertato;Inesistente
1668248;13;18/01/2006 08:35;Strada Urbana;VIA MICHELE BARBI;da specificare;;;;altezza Via Parodi;Scontro laterale fra veicoli in marcia;Rettilineo;Una carreggiata a doppio senso;Asciutto;Asfaltata;Assente;Nuvoloso;Normale;Buona;Ore Diurne;0;0;0;2;;;-1;2;Autovettura privata;In marcia / fermata / arresto;Conducente;F;Illeso;0;;Non accertato;Inesistente
1668249;13;18/01/2006 08:40;Strada Urbana;VIA BERNARDINO DANIELLO;in prossimità;;del civico n. ;16;;Veicolo in marcia contro veicolo fermo;Rettilineo;Una carreggiata a senso unico di marcia;Asciutto;Asfaltata;Assente;Nuvoloso;Scarso;Buona;Ore Diurne;0;0;0;1;;;-1;2;Autobus di linea;In marcia / fermata / arresto;Conducente;M;Illeso;0;;Esente;Inesistente
1668250;13;18/01/2006 11:00;Strada Urbana;VIA DI MACCHIA SAPONARA;da specificare;;;;fronte S.Carlo da Sezze;Scontro laterale fra veicoli in marcia;Rettilineo;Una carreggiata a doppio senso;Bagnato (umidità in atto);Asfaltata;Orizzontale;Nuvoloso;Normale;Buona;Ore Diurne;0;0;0;2;;;-1;1;Autovettura privata;In marcia / fermata / arresto;Conducente;F;Illeso;0;;Non accertato;Inesistente
1668250;13;18/01/2006 11:00;Strada Urbana;VIA DI MACCHIA SAPONARA;da specificare;;;;fronte S.Carlo da Sezze;Scontro laterale fra veicoli in marcia;Rettilineo;Una carreggiata a doppio senso;Bagnato (umidità in atto);Asfaltata;Orizzontale;Nuvoloso;Normale;Buona;Ore Diurne;0;0;0;2;;;-1;2;Autovettura privata;In marcia / fermata / arresto;Conducente;F;Illeso;0;;Non accertato;Inesistente
1668251;13;18/01/2006 16:00;Strada Urbana;VIA DEL MARE;all'intersezione con;VIA DELLA GENTE SALINATORIA;VIA DELLA GENTE SALINATORIA;;;Scontro laterale fra veicoli in marcia;Incrocio;Una carreggiata a doppio senso;Bagnato (pioggia);Asfaltata;Verticale ed orizzontale;Pioggia in atto;Intenso;Buona;Ore Diurne;0;0;0;2;;;-1;1;Autovettura privata;In marcia / fermata / arresto;Conducente;M;Illeso;0;;Non accertato;Inesploso
1668251;13;18/01/2006 16:00;Strada Urbana;VIA DEL MARE;all'intersezione con;VIA DELLA GENTE SALINATORIA;VIA DELLA GENTE SALINATORIA;;;Scontro laterale fra veicoli in marcia;Incrocio;Una carreggiata a doppio senso;Bagnato (pioggia);Asfaltata;Verticale ed orizzontale;Pioggia in atto;Intenso;Buona;Ore Diurne;0;0;0;2;;;-1;2;Autovettura privata;In marcia / fermata / arresto;Conducente;F;Illeso;0;;Non accertato;Inesploso
1668252;13;18/01/2006 17:00;Strada Urbana;PIAZZA QUARTO DEI MILLE;da specificare;;;;ridosso fabbricato A.M.A.;Scontro frontale/laterale DX fra veicoli in marcia;Rettilineo;Una carreggiata a doppio senso;Bagnato (pioggia);Asfaltata;Assente;Nuvoloso;Normale;Buona;Sufficiente;0;0;0;3;;;-1;1;Autocarro superiore 35 q.;In marcia / fermata / arresto;Conducente;M;Illeso;0;;Esente;Inesistente
1668252;13;18/01/2006 17:00;Strada Urbana;PIAZZA QUARTO DEI MILLE;da specificare;;;;ridosso fabbricato A.M.A.;Scontro frontale/laterale DX fra veicoli in marcia;Rettilineo;Una carreggiata a doppio senso;Bagnato (pioggia);Asfaltata;Assente;Nuvoloso;Normale;Buona;Sufficiente;0;0;0;3;;;-1;2;Autovettura privata;In marcia / fermata / arresto;Conducente;M;Illeso;0;;Non accertato;Inesploso
1668252;13;18/01/2006 17:00;Strada Urbana;PIAZZA QUARTO DEI MILLE;da specificare;;;;ridosso fabbricato A.M.A.;Scontro frontale/laterale DX fra veicoli in marcia;Rettilineo;Una carreggiata a doppio senso;Bagnato (pioggia);Asfaltata;Assente;Nuvoloso;Normale;Buona;Sufficiente;0;0;0;3;;;-1;2;Autovettura privata;In marcia / fermata / arresto;Passeggero;M;Illeso;0;;Non accertato;Inesistente
1668253;13;18/01/2006 17:45;Strada Urbana;VIA DEI PANFILI;all'intersezione con;VIA DELLE ALEUTINE;VIA DELLE ALEUTINE;;;Scontro frontale/laterale DX fra veicoli in marcia;Incrocio;Una carreggiata a senso unico di marcia;Bagnato (pioggia);Asfaltata;Verticale ed orizzontale;Pioggia in atto;Normale;Buona;Ore Diurne;0;0;0;3;;;-1;1;Autovettura privata;In marcia / fermata / arresto;Conducente;F;Illeso;0;;Non accertato;Inesploso
1668253;13;18/01/2006 17:45;Strada Urbana;VIA DEI PANFILI;all'intersezione con;VIA DELLE ALEUTINE;VIA DELLE ALEUTINE;;;Scontro frontale/laterale DX fra veicoli in marcia;Incrocio;Una carreggiata a senso unico di marcia;Bagnato (pioggia);Asfaltata;Verticale ed orizzontale;Pioggia in atto;Normale;Buona;Ore Diurne;0;0;0;3;;;-1;2;Autovettura privata;In marcia / fermata / arresto;Conducente;F;Illeso;0;;Non accertato;Inesploso
1668253;13;18/01/2006 17:45;Strada Urbana;VIA DEI PANFILI;all'intersezione con;VIA DELLE ALEUTINE;VIA DELLE ALEUTINE;;;Scontro frontale/laterale DX fra veicoli in marcia;Incrocio;Una carreggiata a senso unico di marcia;Bagnato (pioggia);Asfaltata;Verticale ed orizzontale;Pioggia in atto;Normale;Buona;Ore Diurne;0;0;0;3;;;-1;2;Autovettura privata;In marcia / fermata / arresto;Passeggero;F;Illeso;0;;Non accertato;Inesploso
1668254;13;18/01/2006 19:40;Strada Urbana;VIA CAPO SPARTIVENTO;all'intersezione semaforizzata con;VIADOTTO ATTICO TABACCHI;VIADOTTO ATTICO TABACCHI;;;Tamponamento;Incrocio;Due carreggiate;Bagnato (pioggia);Asfaltata;Verticale ed orizzontale;Nuvoloso;Intenso;Buona;Sufficiente;0;0;0;2;;;-1;1;Autovettura privata;In marcia / fermata / arresto;Conducente;M;Illeso;0;;Non accertato;Inesploso
1668254;13;18/01/2006 19:40;Strada Urbana;VIA CAPO SPARTIVENTO;all'intersezione semaforizzata con;VIADOTTO ATTICO TABACCHI;VIADOTTO ATTICO TABACCHI;;;Tamponamento;Incrocio;Due carreggiate;Bagnato (pioggia);Asfaltata;Verticale ed orizzontale;Nuvoloso;Intenso;Buona;Sufficiente;0;0;0;2;;;-1;2;Autovettura privata;In marcia / fermata / arresto;Conducente;M;Illeso;0;;Non accertato;Inesistente
1668255;13;19/01/2006 00:05;Strada Urbana;VIA GUIDO BIAGI;in prossimità;;del civico n. ;7;;Veicolo in marcia contro veicolo in sosta;Rettilineo;Una carreggiata a doppio senso;Bagnato (umidità in atto);Asfaltata;Verticale ed orizzontale;Nuvoloso;Scarso;Sufficiente;Sufficiente;0;0;0;2;;;-1;1;Autovettura privata;In marcia / fermata / arresto;Conducente;M;Illeso;0;;Non accertato;Inesistente
1668255;13;19/01/2006 00:05;Strada Urbana;VIA GUIDO BIAGI;in prossimità;;del civico n. ;7;;Veicolo in marcia contro veicolo in sosta;Rettilineo;Una carreggiata a doppio senso;Bagnato (umidità in atto);Asfaltata;Verticale ed orizzontale;Nuvoloso;Scarso;Sufficiente;Sufficiente;0;0;0;2;;;-1;2;Autovettura privata;In marcia / fermata / arresto;Conducente;M;Illeso;0;;Non accertato;Inesistente
1668256;13;19/01/2006 07:15;Strada Urbana;VIA ERMANNO CARLOTTO;da specificare;;;;FRONTE CIV. N. 61;Investimento di pedone;Rettilineo;Due carreggiate;Bagnato (umidità in atto);Asfaltata;Orizzontale;Sereno;Normale;Buona;Ore Diurne;1;0;0;1;;;-1;;;;Pedone;F;Rimandato;0;NON DECEDUTO;;
1668256;13;19/01/2006 07:15;Strada Urbana;VIA ERMANNO CARLOTTO;da specificare;;;;FRONTE CIV. N. 61;Investimento di pedone;Rettilineo;Due carreggiate;Bagnato (umidità in atto);Asfaltata;Orizzontale;Sereno;Normale;Buona;Ore Diurne;1;0;0;1;;;-1;1;Autovettura privata;In marcia / fermata / arresto;Conducente;M;Illeso;0;;Utilizzato;Inesistente
1668257;13;19/01/2006 08:00;Strada Urbana;VIA GIORGIO DE LULLO;da specificare;;;;INTERNO PARCHEGGIO;Tamponamento;Rettilineo;Una carreggiata a senso unico di marcia;Bagnato (umidità in atto);Asfaltata;Verticale ed orizzontale;Sereno;Normale;Buona;Ore Diurne;0;0;0;2;;;-1;1;Autovettura privata;In marcia / fermata / arresto;Conducente;F;Illeso;0;;Non accertato;Inesistente
1668257;13;19/01/2006 08:00;Strada Urbana;VIA GIORGIO DE LULLO;da specificare;;;;INTERNO PARCHEGGIO;Tamponamento;Rettilineo;Una carreggiata a senso unico di marcia;Bagnato (umidità in atto);Asfaltata;Verticale ed orizzontale;Sereno;Normale;Buona;Ore Diurne;0;0;0;2;;;-1;2;Autovettura privata;In marcia / fermata / arresto;Conducente;F;Illeso;0;;Non accertato;Inesistente
1668258;13;19/01/2006 10:30;Strada Urbana;VIALE PAOLO ORLANDO;all'intersezione con;VIA ULDERICO SACCHETTO;VIA ULDERICO SACCHETTO;;;Scontro frontale/laterale SX fra veicoli in marcia;Incrocio;Due carreggiate;Asciutto;Asfaltata;Verticale ed orizzontale;Sereno;Normale;Buona;Ore Diurne;0;0;0;3;;;-1;1;Autovettura privata;In marcia / fermata / arresto;Conducente;F;Illeso;0;;Non accertato;Inesistente
1668258;13;19/01/2006 10:30;Strada Urbana;VIALE PAOLO ORLANDO;all'intersezione con;VIA ULDERICO SACCHETTO;VIA ULDERICO SACCHETTO;;;Scontro frontale/laterale SX fra veicoli in marcia;Incrocio;Due carreggiate;Asciutto;Asfaltata;Verticale ed orizzontale;Sereno;Normale;Buona;Ore Diurne;0;0;0;3;;;-1;2;Autovettura privata;In marcia / fermata / arresto;Conducente;F;Illeso;0;;Non accertato;Inesistente
1668258;13;19/01/2006 10:30;Strada Urbana;VIALE PAOLO ORLANDO;all'intersezione con;VIA ULDERICO SACCHETTO;VIA ULDERICO SACCHETTO;;;Scontro frontale/laterale SX fra veicoli in marcia;Incrocio;Due carreggiate;Asciutto;Asfaltata;Verticale ed orizzontale;Sereno;Normale;Buona;Ore Diurne;0;0;0;3;;;-1;2;Autovettura privata;In marcia / fermata / arresto;Passeggero;F;Illeso;0;;Non accertato;Inesistente
1668259;13;19/01/2006 10:30;Strada Urbana;VIA DEI VELIERI;all'intersezione semaforizzata con;VIALE VASCO DE GAMA;VIALE VASCO DE GAMA;;;Investimento di pedone;Intersezione semaforizzata;Due carreggiate;Bagnato (umidità in atto);Asfaltata;Verticale ed orizzontale;Sereno;Normale;Buona;Ore Diurne;1;0;0;1;;;-1;;;;Pedone;F;Rimandato;0;NON DECEDUTO;;
1668259;13;19/01/2006 10:30;Strada Urbana;VIA DEI VELIERI;all'intersezione semaforizzata con;VIALE VASCO DE GAMA;VIALE VASCO DE GAMA;;;Investimento di pedone;Intersezione semaforizzata;Due carreggiate;Bagnato (umidità in atto);Asfaltata;Verticale ed orizzontale;Sereno;Normale;Buona;Ore Diurne;1;0;0;1;;;-1;1;Autovettura privata;In marcia / fermata / arresto;Conducente;M;Illeso;0;;Utilizzato;Inesistente
1668260;13;19/01/2006 12:00;Strada Urbana;VIA DEI TRAGHETTI;all'intersezione con;VIA DELLE BALEARI;VIA DELLE BALEARI;;;Scontro frontale/laterale SX fra veicoli in marcia;Incrocio;Una carreggiata a doppio senso;Asciutto;Asfaltata;Assente;Sereno;Normale;Buona;Ore Diurne;0;0;0;1;;;-1;1;Autocarro superiore 35 q.;In marcia / fermata / arresto;Conducente;M;Illeso;0;;Non accertato;Inesistente
1668261;13;19/01/2006 12:15;Strada Urbana;VIALE DI CASTEL PORZIANO;all'intersezione con;VIA FRANCESCO CILEA;VIA FRANCESCO CILEA;;;Scontro frontale/laterale SX fra veicoli in marcia;Incrocio;Una carreggiata a doppio senso;Asciutto;Asfaltata;Verticale;Sereno;Normale;Sufficiente;Ore Diurne;2;0;0;0;;;-1;1;Autovettura privata;In marcia / fermata / arresto;Conducente;F;Rimandato;0;NON DECEDUTO;Non accertato;Inesploso
1668261;13;19/01/2006 12:15;Strada Urbana;VIALE DI CASTEL PORZIANO;all'intersezione con;VIA FRANCESCO CILEA;VIA FRANCESCO CILEA;;;Scontro frontale/laterale SX fra veicoli in marcia;Incrocio;Una carreggiata a doppio senso;Asciutto;Asfaltata;Verticale;Sereno;Normale;Sufficiente;Ore Diurne;2;0;0;0;;;-1;2;Autovettura privata;In marcia / fermata / arresto;Conducente;M;Rifiuta cure immediate;0;NON DECEDUTO;Non accertato;Inesploso
1668262;13;19/01/2006 16:30;Strada Urbana;VIA AGOSTINO CHIGI;in corrispondenza;;del palo luce n. ;14;;Veicolo in marcia contro ostacolo fisso;Rettilineo;Una carreggiata a doppio senso;Asciutto;Asfaltata;Assente;Sereno;Normale;Buona;Ore Diurne;0;0;0;1;;;-1;1;Autovettura privata;In marcia / fermata / arresto;Conducente;M;Illeso;0;;Non accertato;Inesistente
1668263;13;19/01/2006 19:45;Strada Urbana;VIA GIANCARLO PASSERONI;da specificare;;;;prossimità OSPEDALE  G. B. GRASSI;Scontro frontale/laterale SX fra veicoli in marcia;Rettilineo;Una carreggiata a doppio senso;Asciutto;Asfaltata;Orizzontale;Sereno;Scarso;Buona;Ore Diurne;0;0;0;2;;;-1;1;Autovettura privata;In marcia / fermata / arresto;Conducente;M;Illeso;0;;Non accertato;Inesploso
1668263;13;19/01/2006 19:45;Strada Urbana;VIA GIANCARLO PASSERONI;da specificare;;;;prossimità OSPEDALE  G. B. GRASSI;Scontro frontale/laterale SX fra veicoli in marcia;Rettilineo;Una carreggiata a doppio senso;Asciutto;Asfaltata;Orizzontale;Sereno;Scarso;Buona;Ore Diurne;0;0;0;2;;;-1;2;Motociclo a solo;In marcia / fermata / arresto;Conducente;M;Illeso;0;;Non accertato;Inesistente
1668264;13;19/01/2006 20:00;Strada Urbana;VIA DELLE FIAMME GIALLE;all'intersezione con;PIAZZA TOLOSETTO FARINATI DEGLI UBERTI;PIAZZA TOLOSETTO FARINATI DEGLI UBERTI;;;Scontro frontale/laterale DX fra veicoli in marcia;Incrocio;Due carreggiate;Asciutto;Asfaltata;Verticale ed orizzontale;Sereno;Scarso;Buona;Sufficiente;1;0;0;3;;;-1;1;Autovettura privata;In marcia / fermata / arresto;Conducente;F;Rimandato;0;NON DECEDUTO;Non accertato;Inesistente
1668264;13;19/01/2006 20:00;Strada Urbana;VIA DELLE FIAMME GIALLE;all'intersezione con;PIAZZA TOLOSETTO FARINATI DEGLI UBERTI;PIAZZA TOLOSETTO FARINATI DEGLI UBERTI;;;Scontro frontale/laterale DX fra veicoli in marcia;Incrocio;Due carreggiate;Asciutto;Asfaltata;Verticale ed orizzontale;Sereno;Scarso;Buona;Sufficiente;1;0;0;3;;;-1;2;Autovettura privata;In marcia / fermata / arresto;Conducente;M;Illeso;0;;Non accertato;Inesistente
1668264;13;19/01/2006 20:00;Strada Urbana;VIA DELLE FIAMME GIALLE;all'intersezione con;PIAZZA TOLOSETTO FARINATI DEGLI UBERTI;PIAZZA TOLOSETTO FARINATI DEGLI UBERTI;;;Scontro frontale/laterale DX fra veicoli in marcia;Incrocio;Due carreggiate;Asciutto;Asfaltata;Verticale ed orizzontale;Sereno;Scarso;Buona;Sufficiente;1;0;0;3;;;-1;2;Autovettura privata;In marcia / fermata / arresto;Passeggero;M;Illeso;0;;Non accertato;Inesistente
1668264;13;19/01/2006 20:00;Strada Urbana;VIA DELLE FIAMME GIALLE;all'intersezione con;PIAZZA TOLOSETTO FARINATI DEGLI UBERTI;PIAZZA TOLOSETTO FARINATI DEGLI UBERTI;;;Scontro frontale/laterale DX fra veicoli in marcia;Incrocio;Due carreggiate;Asciutto;Asfaltata;Verticale ed orizzontale;Sereno;Scarso;Buona;Sufficiente;1;0;0;3;;;-1;2;Autovettura privata;In marcia / fermata / arresto;Passeggero;F;Illeso;0;;Non accertato;Inesistente
1668265;13;20/01/2006 07:35;Strada Urbana;VIA GIAMBATTISTA GELLI;all'intersezione con;VIA PAVULLO NEL FRIGNANO;VIA PAVULLO NEL FRIGNANO;;;Scontro frontale/laterale DX fra veicoli in marcia;Incrocio;Una carreggiata a doppio senso;Asciutto;Asfaltata;Assente;Sereno;Normale;Buona;Ore Diurne;0;0;0;2;;;-1;1;Autovettura privata;In marcia / fermata / arresto;Conducente;F;Illeso;0;;Non accertato;Inesistente
1668265;13;20/01/2006 07:35;Strada Urbana;VIA GIAMBATTISTA GELLI;all'intersezione con;VIA PAVULLO NEL FRIGNANO;VIA PAVULLO NEL FRIGNANO;;;Scontro frontale/laterale DX fra veicoli in marcia;Incrocio;Una carreggiata a doppio senso;Asciutto;Asfaltata;Assente;Sereno;Normale;Buona;Ore Diurne;0;0;0;2;;;-1;2;Autovettura privata;In marcia / fermata / arresto;Conducente;M;Illeso;0;;Non accertato;Inesistente
1668266;13;20/01/2006 10:00;Strada Urbana;VIA DI MALAFEDE;da specificare;;;;altezza camping;Scontro laterale fra veicoli in marcia;Rettilineo;Una carreggiata a doppio senso;Asciutto;Asfaltata;Assente;Sereno;Normale;Buona;Ore Diurne;0;0;0;2;;;-1;1;Autovettura privata;In marcia / fermata / arresto;Conducente;M;Illeso;0;;Non accertato;Inesploso
1668266;13;20/01/2006 10:00;Strada Urbana;VIA DI MALAFEDE;da specificare;;;;altezza camping;Scontro laterale fra veicoli in marcia;Rettilineo;Una carreggiata a doppio senso;Asciutto;Asfaltata;Assente;Sereno;Normale;Buona;Ore Diurne;0;0;0;2;;;-1;2;Autocarro inferiore 35 q.;In marcia / fermata / arresto;Conducente;M;Illeso;0;;Non accertato;Inesistente
1668267;13;20/01/2006 10:05;Strada Urbana;VIA DOBBIACO;all'intersezione con;VIA BRENTONICO;VIA BRENTONICO;;;Scontro frontale/laterale SX fra veicoli in marcia;Incrocio;Una carreggiata a doppio senso;Asciutto;Con buche;Verticale;Sereno;Normale;Buona;Ore Diurne;0;0;0;2;;;-1;1;Autovettura privata;In marcia / fermata / arresto;Conducente;F;Illeso;0;;Non accertato;Inesploso
1668267;13;20/01/2006 10:05;Strada Urbana;VIA DOBBIACO;all'intersezione con;VIA BRENTONICO;VIA BRENTONICO;;;Scontro frontale/laterale SX fra veicoli in marcia;Incrocio;Una carreggiata a doppio senso;Asciutto;Con buche;Verticale;Sereno;Normale;Buona;Ore Diurne;0;0;0;2;;;-1;2;Autovettura privata;In marcia / fermata / arresto;Conducente;M;Illeso;0;;Non accertato;Inesploso
1668268;13;21/01/2006 12:30;Strada Urbana;VIA ESCHILO;in prossimità;;del civico n. ;85;;Tamponamento;Rettilineo;Una carreggiata a doppio senso;Asciutto;Asfaltata;Orizzontale;Sereno;Scarso;Buona;Ore Diurne;0;0;0;3;;;-1;1;Autovettura privata;In marcia / fermata / arresto;Conducente;M;Illeso;0;;Non accertato;Inesploso
1668268;13;21/01/2006 12:30;Strada Urbana;VIA ESCHILO;in prossimità;;del civico n. ;85;;Tamponamento;Rettilineo;Una carreggiata a doppio senso;Asciutto;Asfaltata;Orizzontale;Sereno;Scarso;Buona;Ore Diurne;0;0;0;3;;;-1;1;Autovettura privata;In marcia / fermata / arresto;Passeggero;M;Illeso;0;;Non accertato;Inesploso
1668268;13;21/01/2006 12:30;Strada Urbana;VIA ESCHILO;in prossimità;;del civico n. ;85;;Tamponamento;Rettilineo;Una carreggiata a doppio senso;Asciutto;Asfaltata;Orizzontale;Sereno;Scarso;Buona;Ore Diurne;0;0;0;3;;;-1;2;Autovettura privata;In marcia / fermata / arresto;Conducente;F;Illeso;0;;Non accertato;Inesploso
1668269;13;21/01/2006 12:45;Strada Urbana;VIALE DEI PROMONTORI;all'intersezione con;VIA MAR GIALLO;VIA MAR GIALLO;;;Scontro frontale/laterale SX fra veicoli in marcia;Incrocio;Due carreggiate;Asciutto;Asfaltata;Orizzontale;Sereno;Normale;Buona;Ore Diurne;0;0;0;3;;;-1;1;Autovettura privata;In marcia / fermata / arresto;Conducente;M;Illeso;0;;Non accertato;Inesploso
1668269;13;21/01/2006 12:45;Strada Urbana;VIALE DEI PROMONTORI;all'intersezione con;VIA MAR GIALLO;VIA MAR GIALLO;;;Scontro frontale/laterale SX fra veicoli in marcia;Incrocio;Due carreggiate;Asciutto;Asfaltata;Orizzontale;Sereno;Normale;Buona;Ore Diurne;0;0;0;3;;;-1;1;Autovettura privata;In marcia / fermata / arresto;Passeggero;F;Illeso;0;;Non accertato;Inesploso
1668269;13;21/01/2006 12:45;Strada Urbana;VIALE DEI PROMONTORI;all'intersezione con;VIA MAR GIALLO;VIA MAR GIALLO;;;Scontro frontale/laterale SX fra veicoli in marcia;Incrocio;Due carreggiate;Asciutto;Asfaltata;Orizzontale;Sereno;Normale;Buona;Ore Diurne;0;0;0;3;;;-1;2;Autovettura privata;In marcia / fermata / arresto;Conducente;F;Illeso;0;;Non accertato;Inesploso
1668270;13;21/01/2006 13:00;Strada Urbana;VIA DELLE AZZORRE;all'intersezione con;VIA ARISTIDE CARABELLI;VIA ARISTIDE CARABELLI;;;Investimento di pedone;Incrocio;Due carreggiate;Asciutto;Asfaltata;Orizzontale;Sereno;Scarso;Buona;Ore Diurne;1;0;0;1;;;-1;;;;Pedone;M;Rimandato;0;NON DECEDUTO;;
1668270;13;21/01/2006 13:00;Strada Urbana;VIA DELLE AZZORRE;all'intersezione con;VIA ARISTIDE CARABELLI;VIA ARISTIDE CARABELLI;;;Investimento di pedone;Incrocio;Due carreggiate;Asciutto;Asfaltata;Orizzontale;Sereno;Scarso;Buona;Ore Diurne;1;0;0;1;;;-1;1;Autovettura privata;In marcia / fermata / arresto;Conducente;M;Illeso;0;;Non accertato;Inesistente
1668271;13;21/01/2006 18:00;Strada Urbana;VIA DI CASAL PALOCCO;in prossimità;;del civico n. ;127;;Tamponamento;Rettilineo;Due carreggiate;Asciutto;Asfaltata;Verticale ed orizzontale;Sereno;Normale;Buona;Sufficiente;0;0;0;4;;;-1;1;Autovettura privata;In marcia / fermata / arresto;Conducente;F;Illeso;0;;Non accertato;Inesistente
1668271;13;21/01/2006 18:00;Strada Urbana;VIA DI CASAL PALOCCO;in prossimità;;del civico n. ;127;;Tamponamento;Rettilineo;Due carreggiate;Asciutto;Asfaltata;Verticale ed orizzontale;Sereno;Normale;Buona;Sufficiente;0;0;0;4;;;-1;1;Autovettura privata;In marcia / fermata / arresto;Passeggero;F;Illeso;0;;Non accertato;Inesistente
1668271;13;21/01/2006 18:00;Strada Urbana;VIA DI CASAL PALOCCO;in prossimità;;del civico n. ;127;;Tamponamento;Rettilineo;Due carreggiate;Asciutto;Asfaltata;Verticale ed orizzontale;Sereno;Normale;Buona;Sufficiente;0;0;0;4;;;-1;1;Autovettura privata;In marcia / fermata / arresto;Passeggero;F;Illeso;0;;Non accertato;Inesistente
1668271;13;21/01/2006 18:00;Strada Urbana;VIA DI CASAL PALOCCO;in prossimità;;del civico n. ;127;;Tamponamento;Rettilineo;Due carreggiate;Asciutto;Asfaltata;Verticale ed orizzontale;Sereno;Normale;Buona;Sufficiente;0;0;0;4;;;-1;2;Autovettura privata;In marcia / fermata / arresto;Conducente;M;Illeso;0;;Non accertato;Inesistente
1668272;13;21/01/2006 20:50;Provinciale entro l'abitato;VIA DEL MARE;in prossimità;;della chilometrica ;18,9;;Tamponamento Multiplo;Rettilineo;Una carreggiata a doppio senso;Asciutto;Asfaltata;Orizzontale;Sereno;Normale;Sufficiente;Sufficiente;1;0;0;4;;;-1;1;Autovettura privata;In marcia / fermata / arresto;Conducente;M;Illeso;0;;Non accertato;Inesistente
1668272;13;21/01/2006 20:50;Provinciale entro l'abitato;VIA DEL MARE;in prossimità;;della chilometrica ;18,9;;Tamponamento Multiplo;Rettilineo;Una carreggiata a doppio senso;Asciutto;Asfaltata;Orizzontale;Sereno;Normale;Sufficiente;Sufficiente;1;0;0;4;;;-1;1;Autovettura privata;In marcia / fermata / arresto;Passeggero;F;Illeso;0;;Non accertato;Inesistente
1668272;13;21/01/2006 20:50;Provinciale entro l'abitato;VIA DEL MARE;in prossimità;;della chilometrica ;18,9;;Tamponamento Multiplo;Rettilineo;Una carreggiata a doppio senso;Asciutto;Asfaltata;Orizzontale;Sereno;Normale;Sufficiente;Sufficiente;1;0;0;4;;;-1;2;Autovettura privata;In marcia / fermata / arresto;Conducente;F;Rimandato;0;NON DECEDUTO;Non accertato;Inesistente