Protocollo;Gruppo;DataOraIncidente;Localizzazione1;STRADA1;Localizzazione2;STRADA2;Strada02;Chilometrica;DaSpecificare;NaturaIncidente;particolaritastrade;TipoStrada;FondoStradale;Pavimentazione;Segnaletica;CondizioneAtmosferica;Traffico;Visibilita;Illuminazione;NUM_FERITI;NUM_RISERVATA;NUM_MORTI;NUM_ILLESI;Longitudine;Latitudine;Confermato;Progressivo;TipoVeicolo;StatoVeicolo;TipoPersona;Sesso;Tipolesione;Deceduto;DecedutoDopo;CinturaCascoUtilizzato;Airbag
1668378;11;03/01/2006 16:50;Strada Urbana;VIA DI VIGNA MURATA;in prossimità;;del civico n. ;11;;Scontro laterale fra veicoli in marcia;Rettilineo;Una carreggiata a senso unico di marcia;Asciutto;Asfaltata;Verticale ed orizzontale;Nuvoloso;Normale;Buona;Ore Diurne;0;0;0;2;;;-1;1;Autovettura privata;In marcia / fermata / arresto;Conducente;M;Illeso;0;;Utilizzato;Inesistente
1668378;11;03/01/2006 16:50;Strada Urbana;VIA DI VIGNA MURATA;in prossimità;;del civico n. ;11;;Scontro laterale fra veicoli in marcia;Rettilineo;Una carreggiata a senso unico di marcia;Asciutto;Asfaltata;Verticale ed orizzontale;Nuvoloso;Normale;Buona;Ore Diurne;0;0;0;2;;;-1;2;Autovettura privata;In marcia / fermata / arresto;Conducente;M;Illeso;0;;Utilizzato;Inesistente
1668379;11;04/01/2006 01:15;Strada Urbana;VIA DI GROTTA PERFETTA;all'intersezione semaforizzata con;VIALE PICO DELLA MIRANDOLA;VIALE PICO DELLA MIRANDOLA;;;Scontro frontale/laterale DX fra veicoli in marcia;Incrocio;Una carreggiata a doppio senso;Asciutto;Asfaltata;Verticale ed orizzontale;Sereno;Scarso;Buona;Sufficiente;1;0;0;1;;;-1;1;Autovettura privata;In marcia / fermata / arresto;Conducente;F;Rimandato;0;NON DECEDUTO;Non accertato;Inesistente
1668379;11;04/01/2006 01:15;Strada Urbana;VIA DI GROTTA PERFETTA;all'intersezione semaforizzata con;VIALE PICO DELLA MIRANDOLA;VIALE PICO DELLA MIRANDOLA;;;Scontro frontale/laterale DX fra veicoli in marcia;Incrocio;Una carreggiata a doppio senso;Asciutto;Asfaltata;Verticale ed orizzontale;Sereno;Scarso;Buona;Sufficiente;1;0;0;1;;;-1;2;Autovettura privata;In marcia / fermata / arresto;Conducente;M;Illeso;0;;Non accertato;Inesistente
1668380;11;04/01/2006 12:00;Strada Urbana;VIA LUIGI FINCATI;all'intersezione con;PIAZZA BARTOLOMEO ROMANO;PIAZZA BARTOLOMEO ROMANO;;;Scontro laterale fra veicoli in marcia;Incrocio;Una carreggiata a senso unico di marcia;Asciutto;Asfaltata;Verticale ed orizzontale;Nuvoloso;Normale;Buona;Ore Diurne;0;0;0;3;;;-1;1;Autovettura privata;In marcia / fermata / arresto;Conducente;M;Illeso;0;;Utilizzato;Inesistente
1668380;11;04/01/2006 12:00;Strada Urbana;VIA LUIGI FINCATI;all'intersezione con;PIAZZA BARTOLOMEO ROMANO;PIAZZA BARTOLOMEO ROMANO;;;Scontro laterale fra veicoli in marcia;Incrocio;Una carreggiata a senso unico di marcia;Asciutto;Asfaltata;Verticale ed orizzontale;Nuvoloso;Normale;Buona;Ore Diurne;0;0;0;3;;;-1;1;Autovettura privata;In marcia / fermata / arresto;Passeggero;F;Illeso;0;;Non accertato;Inesistente
1668380;11;04/01/2006 12:00;Strada Urbana;VIA LUIGI FINCATI;all'intersezione con;PIAZZA BARTOLOMEO ROMANO;PIAZZA BARTOLOMEO ROMANO;;;Scontro laterale fra veicoli in marcia;Incrocio;Una carreggiata a senso unico di marcia;Asciutto;Asfaltata;Verticale ed orizzontale;Nuvoloso;Normale;Buona;Ore Diurne;0;0;0;3;;;-1;2;Autovettura privata;In marcia / fermata / arresto;Conducente;F;Illeso;0;;Utilizzato;Inesistente
1668381;11;04/01/2006 22:30;Strada Urbana;VIALE GUGLIELMO MARCONI;all'intersezione con;VIA ANGELO BATTELLI;VIA ANGELO BATTELLI;;;Scontro frontale/laterale SX fra veicoli in marcia;Intersezione non regolata/non segnalata;Due carreggiate;Asciutto;Asfaltata;Verticale ed orizzontale;Sereno;Normale;Sufficiente;Sufficiente;2;0;0;1;;;-1;1;Autovettura privata;In marcia / fermata / arresto;Conducente;F;Illeso;0;;Utilizzato;Inesistente
1668381;11;04/01/2006 22:30;Strada Urbana;VIALE GUGLIELMO MARCONI;all'intersezione con;VIA ANGELO BATTELLI;VIA ANGELO BATTELLI;;;Scontro frontale/laterale SX fra veicoli in marcia;Intersezione non regolata/non segnalata;Due carreggiate;Asciutto;Asfaltata;Verticale ed orizzontale;Sereno;Normale;Sufficiente;Sufficiente;2;0;0;1;;;-1;2;Ciclomotore;In marcia / fermata / arresto;Conducente;F;Rimandato;0;NON DECEDUTO;Utilizzato;Inesistente
1668381;11;04/01/2006 22:30;Strada Urbana;VIALE GUGLIELMO MARCONI;all'intersezione con;VIA ANGELO BATTELLI;VIA ANGELO BATTELLI;;;Scontro frontale/laterale SX fra veicoli in marcia;Intersezione non regolata/non segnalata;Due carreggiate;Asciutto;Asfaltata;Verticale ed orizzontale;Sereno;Normale;Sufficiente;Sufficiente;2;0;0;1;;;-1;2;Ciclomotore;In marcia / fermata / arresto;Passeggero;M;Rimandato;0;NON DECEDUTO;Utilizzato;Inesistente
1668382;11;05/01/2006 02:40;Strada Urbana;VIA CRISTOFORO COLOMBO;all'intersezione semaforizzata con;VIA GIOVANNI GENOCCHI;VIA GIOVANNI GENOCCHI;;;Scontro frontale/laterale SX fra veicoli in marcia;Intersezione semaforizzata;Più di due carreggiate;Asciutto;Asfaltata;Verticale ed orizzontale;Sereno;Scarso;Buona;Sufficiente;0;0;0;2;;;-1;1;Autovettura privata;In marcia / fermata / arresto;Conducente;M;Illeso;0;;Utilizzato;Inesistente
1668382;11;05/01/2006 02:40;Strada Urbana;VIA CRISTOFORO COLOMBO;all'intersezione semaforizzata con;VIA GIOVANNI GENOCCHI;VIA GIOVANNI GENOCCHI;;;Scontro frontale/laterale SX fra veicoli in marcia;Intersezione semaforizzata;Più di due carreggiate;Asciutto;Asfaltata;Verticale ed orizzontale;Sereno;Scarso;Buona;Sufficiente;0;0;0;2;;;-1;2;Autovettura privata;In marcia / fermata / arresto;Conducente;M;Illeso;0;;Utilizzato;Inesistente
1668383;11;05/01/2006 11:40;Strada Urbana;VIA ENRICO CRAVERO;in corrispondenza;;del civico n. ;12;;Veicolo in marcia contro veicolo in sosta;Curva a visuale libera;Due carreggiate;Asciutto;Asfaltata;Assente;Nuvoloso;Scarso;Buona;Ore Diurne;2;0;0;0;;;-1;1;Motociclo con passeggero;In marcia / fermata / arresto;Conducente;M;Rimandato;0;NON DECEDUTO;Utilizzato;Inesistente
1668383;11;05/01/2006 11:40;Strada Urbana;VIA ENRICO CRAVERO;in corrispondenza;;del civico n. ;12;;Veicolo in marcia contro veicolo in sosta;Curva a visuale libera;Due carreggiate;Asciutto;Asfaltata;Assente;Nuvoloso;Scarso;Buona;Ore Diurne;2;0;0;0;;;-1;1;Motociclo con passeggero;In marcia / fermata / arresto;Passeggero;F;Rimandato;0;NON DECEDUTO;Non accertato;Inesistente
1668384;11;05/01/2006 14:45;Strada Urbana;VIA DEL PORTO FLUVIALE;in prossimità;;del civico n. ;9/A;;Scontro laterale fra veicoli in marcia;Rettilineo;Una carreggiata a doppio senso;Asciutto;Asfaltata;Orizzontale;Sereno;Normale;Buona;Ore Diurne;0;0;0;2;;;-1;1;Autovettura privata;In marcia / fermata / arresto;Conducente;F;Illeso;0;;Utilizzato;Inesistente
1668384;11;05/01/2006 14:45;Strada Urbana;VIA DEL PORTO FLUVIALE;in prossimità;;del civico n. ;9/A;;Scontro laterale fra veicoli in marcia;Rettilineo;Una carreggiata a doppio senso;Asciutto;Asfaltata;Orizzontale;Sereno;Normale;Buona;Ore Diurne;0;0;0;2;;;-1;2;Autovettura privata;In marcia / fermata / arresto;Conducente;F;Illeso;0;;Utilizzato;Inesistente
1668385;11;05/01/2006 15:35;Strada Urbana;VIA LAURENTINA;in corrispondenza;;del civico n. ;88;;Scontro frontale/laterale DX fra veicoli in marcia;Rettilineo;Una carreggiata a senso unico di marcia;Asciutto;Asfaltata;Verticale ed orizzontale;Sereno;Scarso;Buona;Ore Diurne;0;0;0;2;;;-1;1;Autovettura privata;In marcia / fermata / arresto;Conducente;M;Illeso;0;;Non accertato;Inesploso
1668385;11;05/01/2006 15:35;Strada Urbana;VIA LAURENTINA;in corrispondenza;;del civico n. ;88;;Scontro frontale/laterale DX fra veicoli in marcia;Rettilineo;Una carreggiata a senso unico di marcia;Asciutto;Asfaltata;Verticale ed orizzontale;Sereno;Scarso;Buona;Ore Diurne;0;0;0;2;;;-1;2;Autovettura privata;In marcia / fermata / arresto;Conducente;M;Illeso;0;;Non accertato;Inesploso
1668386;11;05/01/2006 18:25;Strada Urbana;VIALE ERMINIO SPALLA;da specificare;;;;in corrispondenza Via V. Mazzola.;Veicolo in marcia contro veicolo in sosta;Rettilineo;Due carreggiate;Asciutto;Asfaltata;Verticale ed orizzontale;Sereno;Scarso;Sufficiente;Sufficiente;0;0;0;2;;;-1;1;Autovettura privata;In marcia / fermata / arresto;Conducente;M;Illeso;0;;Non accertato;Inesistente
1668386;11;05/01/2006 18:25;Strada Urbana;VIALE ERMINIO SPALLA;da specificare;;;;in corrispondenza Via V. Mazzola.;Veicolo in marcia contro veicolo in sosta;Rettilineo;Due carreggiate;Asciutto;Asfaltata;Verticale ed orizzontale;Sereno;Scarso;Sufficiente;Sufficiente;0;0;0;2;;;-1;2;Autobus urbano;In marcia / fermata / arresto;Conducente;M;Illeso;0;;Esente;Inesistente
1668387;11;05/01/2006 20:10;Strada Urbana;VIA MARIO RIGAMONTI;da specificare;;;;"altezza fronte ingresso centro comm. ""I Granai""";Scontro laterale fra veicoli in marcia;Rettilineo;Una carreggiata a doppio senso;Asciutto;Asfaltata;Verticale ed orizzontale;Sereno;Scarso;Sufficiente;Sufficiente;0;0;0;2;;;-1;1;Autovettura privata;In marcia / fermata / arresto;Conducente;M;Illeso;0;;Utilizzato;Inesistente
1668387;11;05/01/2006 20:10;Strada Urbana;VIA MARIO RIGAMONTI;da specificare;;;;"altezza fronte ingresso centro comm. ""I Granai""";Scontro laterale fra veicoli in marcia;Rettilineo;Una carreggiata a doppio senso;Asciutto;Asfaltata;Verticale ed orizzontale;Sereno;Scarso;Sufficiente;Sufficiente;0;0;0;2;;;-1;2;Autovettura privata;In marcia / fermata / arresto;Conducente;M;Illeso;0;;Utilizzato;Inesistente
1668388;11;05/01/2006 23:40;Strada Urbana;VIA CRISTOFORO COLOMBO;da specificare;;;;laterale sottovia;Infortunio per caduta del veicolo;Rettilineo;Una carreggiata a senso unico di marcia;Asciutto;Asfaltata;Verticale ed orizzontale;Sereno;Scarso;Sufficiente;Sufficiente;0;0;0;2;;;-1;1;Autovettura privata;In marcia / fermata / arresto;Conducente;M;Illeso;0;;Utilizzato;Esploso
1668388;11;05/01/2006 23:40;Strada Urbana;VIA CRISTOFORO COLOMBO;da specificare;;;;laterale sottovia;Infortunio per caduta del veicolo;Rettilineo;Una carreggiata a senso unico di marcia;Asciutto;Asfaltata;Verticale ed orizzontale;Sereno;Scarso;Sufficiente;Sufficiente;0;0;0;2;;;-1;1;Autovettura privata;In marcia / fermata / arresto;Passeggero;F;Illeso;0;;Utilizzato;Esploso
1668389;11;06/01/2006 03:15;Strada Urbana;VIA LUIGI LILIO;in prossimità;;del civico n. ;26;;Veicoli in marcia contro veicoli fermi;Curva a visuale libera;Una carreggiata a doppio senso;Asciutto;Asfaltata;Verticale ed orizzontale;Sereno;Scarso;Buona;Sufficiente;0;0;0;1;;;-1;1;Autovettura privata;In marcia / fermata / arresto;Conducente;F;Illeso;0;;Utilizzato;Inesistente
1668390;11;06/01/2006 15:15;Strada Urbana;VIA CRISTOFORO COLOMBO;all'intersezione semaforizzata con;VIA DEI GEORGOFILI;VIA DEI GEORGOFILI;;;Scontro frontale/laterale DX fra veicoli in marcia;Intersezione semaforizzata;Più di due carreggiate;Asciutto;Asfaltata;Verticale ed orizzontale;Sereno;Scarso;Buona;Ore Diurne;1;0;0;1;;;-1;1;Autovettura privata;In marcia / fermata / arresto;Conducente;F;Rimandato;0;NON DECEDUTO;Utilizzato;Inesistente
1668390;11;06/01/2006 15:15;Strada Urbana;VIA CRISTOFORO COLOMBO;all'intersezione semaforizzata con;VIA DEI GEORGOFILI;VIA DEI GEORGOFILI;;;Scontro frontale/laterale DX fra veicoli in marcia;Intersezione semaforizzata;Più di due carreggiate;Asciutto;Asfaltata;Verticale ed orizzontale;Sereno;Scarso;Buona;Ore Diurne;1;0;0;1;;;-1;2;Autovettura privata;In marcia / fermata / arresto;Conducente;M;Illeso;0;;Utilizzato;Inesistente
1668391;11;06/01/2006 20:00;Strada Urbana;VIA ANTONINO PIO;all'intersezione con;VIALE LEONARDO DA VINCI;VIALE LEONARDO DA VINCI;;;Scontro frontale/laterale SX fra veicoli in marcia;Incrocio;Più di due carreggiate;Asciutto;Asfaltata;Verticale ed orizzontale;Sereno;Scarso;Buona;Sufficiente;0;0;0;4;;;-1;1;Autovettura privata;In marcia / fermata / arresto;Conducente;F;Illeso;0;;Utilizzato;Inesploso
1668391;11;06/01/2006 20:00;Strada Urbana;VIA ANTONINO PIO;all'intersezione con;VIALE LEONARDO DA VINCI;VIALE LEONARDO DA VINCI;;;Scontro frontale/laterale SX fra veicoli in marcia;Incrocio;Più di due carreggiate;Asciutto;Asfaltata;Verticale ed orizzontale;Sereno;Scarso;Buona;Sufficiente;0;0;0;4;;;-1;1;Autovettura privata;In marcia / fermata / arresto;Passeggero;F;Illeso;0;;Non accertato;Inesploso
1668391;11;06/01/2006 20:00;Strada Urbana;VIA ANTONINO PIO;all'intersezione con;VIALE LEONARDO DA VINCI;VIALE LEONARDO DA VINCI;;;Scontro frontale/laterale SX fra veicoli in marcia;Incrocio;Più di due carreggiate;Asciutto;Asfaltata;Verticale ed orizzontale;Sereno;Scarso;Buona;Sufficiente;0;0;0;4;;;-1;2;Autovettura privata;In marcia / fermata / arresto;Conducente;M;Illeso;0;;Utilizzato;Inesistente
1668391;11;06/01/2006 20:00;Strada Urbana;VIA ANTONINO PIO;all'intersezione con;VIALE LEONARDO DA VINCI;VIALE LEONARDO DA VINCI;;;Scontro frontale/laterale SX fra veicoli in marcia;Incrocio;Più di due carreggiate;Asciutto;Asfaltata;Verticale ed orizzontale;Sereno;Scarso;Buona;Sufficiente;0;0;0;4;;;-1;2;Autovettura privata;In marcia / fermata / arresto;Passeggero;F;Illeso;0;;Utilizzato;Inesistente
1668392;11;06/01/2006 21:45;Strada Urbana;VIA ANTONIOTTO USODIMARE;in prossimità;;del civico n. ;50;;Tamponamento;Rettilineo;Una carreggiata a senso unico di marcia;Asciutto;Asfaltata;Verticale ed orizzontale;Sereno;Scarso;Buona;Sufficiente;0;0;0;3;;;-1;1;Autovettura privata;In marcia / fermata / arresto;Conducente;M;Illeso;0;;Utilizzato;Inesistente
1668392;11;06/01/2006 21:45;Strada Urbana;VIA ANTONIOTTO USODIMARE;in prossimità;;del civico n. ;50;;Tamponamento;Rettilineo;Una carreggiata a senso unico di marcia;Asciutto;Asfaltata;Verticale ed orizzontale;Sereno;Scarso;Buona;Sufficiente;0;0;0;3;;;-1;1;Autovettura privata;In marcia / fermata / arresto;Passeggero;F;Illeso;0;;Utilizzato;Inesploso
1668392;11;06/01/2006 21:45;Strada Urbana;VIA ANTONIOTTO USODIMARE;in prossimità;;del civico n. ;50;;Tamponamento;Rettilineo;Una carreggiata a senso unico di marcia;Asciutto;Asfaltata;Verticale ed orizzontale;Sereno;Scarso;Buona;Sufficiente;0;0;0;3;;;-1;2;Autovettura privata;In marcia / fermata / arresto;Conducente;M;Illeso;0;;Non accertato;Inesistente
1668393;11;06/01/2006 23:15;Strada Urbana;VIALE GUGLIELMO MARCONI;da specificare;;;;prossimità p.le Edison dir. centro ;Scontro laterale fra veicoli in marcia;Rettilineo;Due carreggiate;Asciutto;Asfaltata;Verticale ed orizzontale;Sereno;Normale;Buona;Sufficiente;0;0;0;4;;;-1;1;Autovettura privata;In marcia / fermata / arresto;Conducente;F;Illeso;0;;Non accertato;Inesistente
1668393;11;06/01/2006 23:15;Strada Urbana;VIALE GUGLIELMO MARCONI;da specificare;;;;prossimità p.le Edison dir. centro ;Scontro laterale fra veicoli in marcia;Rettilineo;Due carreggiate;Asciutto;Asfaltata;Verticale ed orizzontale;Sereno;Normale;Buona;Sufficiente;0;0;0;4;;;-1;1;Autovettura privata;In marcia / fermata / arresto;Passeggero;F;Illeso;0;;Utilizzato;Inesistente
1668393;11;06/01/2006 23:15;Strada Urbana;VIALE GUGLIELMO MARCONI;da specificare;;;;prossimità p.le Edison dir. centro ;Scontro laterale fra veicoli in marcia;Rettilineo;Due carreggiate;Asciutto;Asfaltata;Verticale ed orizzontale;Sereno;Normale;Buona;Sufficiente;0;0;0;4;;;-1;1;Autovettura privata;In marcia / fermata / arresto;Passeggero;F;Illeso;0;;Utilizzato;Inesistente
1668393;11;06/01/2006 23:15;Strada Urbana;VIALE GUGLIELMO MARCONI;da specificare;;;;prossimità p.le Edison dir. centro ;Scontro laterale fra veicoli in marcia;Rettilineo;Due carreggiate;Asciutto;Asfaltata;Verticale ed orizzontale;Sereno;Normale;Buona;Sufficiente;0;0;0;4;;;-1;2;Autovettura privata;In marcia / fermata / arresto;Conducente;M;Illeso;0;;Non accertato;Inesistente
1668394;11;07/01/2006 03:50;Strada Urbana;VIA CRISTOFORO COLOMBO;all'intersezione semaforizzata con;VIA GIOVANNI GENOCCHI;VIA GIOVANNI GENOCCHI;;;Tamponamento Multiplo;Intersezione semaforizzata;Più di due carreggiate;Asciutto;Asfaltata;Verticale ed orizzontale;Sereno;Normale;Buona;Sufficiente;3;0;0;4;;;-1;1;Autovettura privata;In marcia / fermata / arresto;Passeggero;M;Rimandato;0;NON DECEDUTO;Non accertato;Inesistente
1668394;11;07/01/2006 03:50;Strada Urbana;VIA CRISTOFORO COLOMBO;all'intersezione semaforizzata con;VIA GIOVANNI GENOCCHI;VIA GIOVANNI GENOCCHI;;;Tamponamento Multiplo;Intersezione semaforizzata;Più di due carreggiate;Asciutto;Asfaltata;Verticale ed orizzontale;Sereno;Normale;Buona;Sufficiente;3;0;0;4;;;-1;1;Autovettura privata;In marcia / fermata / arresto;Conducente;M;Illeso;0;;Non accertato;Inesistente
1668394;11;07/01/2006 03:50;Strada Urbana;VIA CRISTOFORO COLOMBO;all'intersezione semaforizzata con;VIA GIOVANNI GENOCCHI;VIA GIOVANNI GENOCCHI;;;Tamponamento Multiplo;Intersezione semaforizzata;Più di due carreggiate;Asciutto;Asfaltata;Verticale ed orizzontale;Sereno;Normale;Buona;Sufficiente;3;0;0;4;;;-1;1;Autovettura privata;In marcia / fermata / arresto;Passeggero;M;Illeso;0;;Utilizzato;Inesistente
1668394;11;07/01/2006 03:50;Strada Urbana;VIA CRISTOFORO COLOMBO;all'intersezione semaforizzata con;VIA GIOVANNI GENOCCHI;VIA GIOVANNI GENOCCHI;;;Tamponamento Multiplo;Intersezione semaforizzata;Più di due carreggiate;Asciutto;Asfaltata;Verticale ed orizzontale;Sereno;Normale;Buona;Sufficiente;3;0;0;4;;;-1;2;Autovettura privata;In marcia / fermata / arresto;Conducente;M;Illeso;0;;Non accertato;Inesistente
1668394;11;07/01/2006 03:50;Strada Urbana;VIA CRISTOFORO COLOMBO;all'intersezione semaforizzata con;VIA GIOVANNI GENOCCHI;VIA GIOVANNI GENOCCHI;;;Tamponamento Multiplo;Intersezione semaforizzata;Più di due carreggiate;Asciutto;Asfaltata;Verticale ed orizzontale;Sereno;Normale;Buona;Sufficiente;3;0;0;4;;;-1;3;Autovettura privata;In marcia / fermata / arresto;Conducente;M;Illeso;0;;Utilizzato;Inesistente
1668394;11;07/01/2006 03:50;Strada Urbana;VIA CRISTOFORO COLOMBO;all'intersezione semaforizzata con;VIA GIOVANNI GENOCCHI;VIA GIOVANNI GENOCCHI;;;Tamponamento Multiplo;Intersezione semaforizzata;Più di due carreggiate;Asciutto;Asfaltata;Verticale ed orizzontale;Sereno;Normale;Buona;Sufficiente;3;0;0;4;;;-1;3;Autovettura privata;In marcia / fermata / arresto;Passeggero;F;Rimandato;0;NON DECEDUTO;Non accertato;Inesistente
1668394;11;07/01/2006 03:50;Strada Urbana;VIA CRISTOFORO COLOMBO;all'intersezione semaforizzata con;VIA GIOVANNI GENOCCHI;VIA GIOVANNI GENOCCHI;;;Tamponamento Multiplo;Intersezione semaforizzata;Più di due carreggiate;Asciutto;Asfaltata;Verticale ed orizzontale;Sereno;Normale;Buona;Sufficiente;3;0;0;4;;;-1;3;Autovettura privata;In marcia / fermata / arresto;Passeggero;M;Rimandato;0;NON DECEDUTO;Non accertato;Inesistente
1668395;11;07/01/2006 09:10;Strada Urbana;VIA GIOVANNI GENOCCHI;all'intersezione semaforizzata con;VIA CRISTOFORO COLOMBO;VIA CRISTOFORO COLOMBO;;;Scontro laterale fra veicoli in marcia;Intersezione semaforizzata;Una carreggiata a doppio senso;Asciutto;Asfaltata;Verticale ed orizzontale;Sereno;Scarso;Buona;Ore Diurne;0;0;0;2;;;-1;1;Veicolo speciale;In marcia / fermata / arresto;Conducente;M;Illeso;0;;Non accertato;Inesistente
1668395;11;07/01/2006 09:10;Strada Urbana;VIA GIOVANNI GENOCCHI;all'intersezione semaforizzata con;VIA CRISTOFORO COLOMBO;VIA CRISTOFORO COLOMBO;;;Scontro laterale fra veicoli in marcia;Intersezione semaforizzata;Una carreggiata a doppio senso;Asciutto;Asfaltata;Verticale ed orizzontale;Sereno;Scarso;Buona;Ore Diurne;0;0;0;2;;;-1;2;Autovettura privata;In marcia / fermata / arresto;Conducente;M;Illeso;0;;Non accertato;Inesistente
1668396;11;07/01/2006 23:00;Strada Urbana;VIA CRISTOFORO COLOMBO;da specificare;;;;altezza Fiera di Roma;Veicolo in marcia contro ostacolo fisso;Rettilineo;Una carreggiata a senso unico di marcia;Asciutto;Asfaltata;Verticale ed orizzontale;Sereno;Scarso;Buona;Sufficiente;1;0;0;0;;;-1;1;Autovettura privata;In marcia / fermata / arresto;Conducente;F;Rimandato;0;NON DECEDUTO;Non accertato;Esploso
1668397;11;08/01/2006 02:00;Strada Urbana;VIALE GIUSTINIANO IMPERATORE;da specificare;;;;all'altezza del Parco Don Alberione;Veicolo in marcia contro ostacolo fisso;Rettilineo;Una carreggiata a senso unico di marcia;Asciutto;Asfaltata;Verticale ed orizzontale;Sereno;Scarso;Buona;Sufficiente;3;1;0;0;;;-1;1;Autovettura privata;In marcia / fermata / arresto;Conducente;M;Rimandato;0;NON DECEDUTO;Non accertato;Inesistente
1668397;11;08/01/2006 02:00;Strada Urbana;VIALE GIUSTINIANO IMPERATORE;da specificare;;;;all'altezza del Parco Don Alberione;Veicolo in marcia contro ostacolo fisso;Rettilineo;Una carreggiata a senso unico di marcia;Asciutto;Asfaltata;Verticale ed orizzontale;Sereno;Scarso;Buona;Sufficiente;3;1;0;0;;;-1;1;Autovettura privata;In marcia / fermata / arresto;Passeggero;M;Ricoverato;0;NON DECEDUTO;Utilizzato;Inesistente
1668397;11;08/01/2006 02:00;Strada Urbana;VIALE GIUSTINIANO IMPERATORE;da specificare;;;;all'altezza del Parco Don Alberione;Veicolo in marcia contro ostacolo fisso;Rettilineo;Una carreggiata a senso unico di marcia;Asciutto;Asfaltata;Verticale ed orizzontale;Sereno;Scarso;Buona;Sufficiente;3;1;0;0;;;-1;1;Autovettura privata;In marcia / fermata / arresto;Passeggero;M;Prognosi riservata;0;NON DECEDUTO;Non accertato;Inesistente
1668397;11;08/01/2006 02:00;Strada Urbana;VIALE GIUSTINIANO IMPERATORE;da specificare;;;;all'altezza del Parco Don Alberione;Veicolo in marcia contro ostacolo fisso;Rettilineo;Una carreggiata a senso unico di marcia;Asciutto;Asfaltata;Verticale ed orizzontale;Sereno;Scarso;Buona;Sufficiente;3;1;0;0;;;-1;1;Autovettura privata;In marcia / fermata / arresto;Passeggero;M;Rimandato;0;NON DECEDUTO;Utilizzato;Inesistente
1668398;11;08/01/2006 18:50;Strada Urbana;VIA ARDEATINA;in prossimità;;del civico n. ;196A;;Infortunio per caduta del veicolo;Rettilineo;Una carreggiata a doppio senso;Asciutto;Con buche;Orizzontale;Sereno;Scarso;Sufficiente;Sufficiente;0;0;0;1;;;-1;1;Autovettura privata;In marcia / fermata / arresto;Conducente;M;Illeso;0;;Utilizzato;Inesistente
1668399;11;08/01/2006 23:30;Strada Urbana;VIA OSTIENSE;in prossimità;;del civico n. ;94/a;;Veicolo in marcia contro veicolo in sosta;Rettilineo;Più di due carreggiate;Asciutto;Asfaltata;Verticale;Sereno;Scarso;Buona;Sufficiente;0;0;0;2;;;-1;1;Autovettura privata;In marcia / fermata / arresto;Conducente;M;Illeso;0;;Non accertato;Inesploso
1668399;11;08/01/2006 23:30;Strada Urbana;VIA OSTIENSE;in prossimità;;del civico n. ;94/a;;Veicolo in marcia contro veicolo in sosta;Rettilineo;Più di due carreggiate;Asciutto;Asfaltata;Verticale;Sereno;Scarso;Buona;Sufficiente;0;0;0;2;;;-1;2;Autovettura privata;Sosta;Passeggero;M;Illeso;0;;Non accertato;Inesistente
1668400;11;09/01/2006 07:55;Strada Urbana;VIA GIOVANNI GENOCCHI;all'intersezione semaforizzata con;VIA CRISTOFORO COLOMBO;VIA CRISTOFORO COLOMBO;;;Scontro laterale fra veicoli in marcia;Intersezione semaforizzata;Una carreggiata a doppio senso;Asciutto;Asfaltata;Verticale ed orizzontale;Sereno;Intenso;Buona;Ore Diurne;0;0;0;2;;;-1;1;Autovettura privata;In marcia / fermata / arresto;Conducente;F;Illeso;0;;Non accertato;Inesploso
1668400;11;09/01/2006 07:55;Strada Urbana;VIA GIOVANNI GENOCCHI;all'intersezione semaforizzata con;VIA CRISTOFORO COLOMBO;VIA CRISTOFORO COLOMBO;;;Scontro laterale fra veicoli in marcia;Intersezione semaforizzata;Una carreggiata a doppio senso;Asciutto;Asfaltata;Verticale ed orizzontale;Sereno;Intenso;Buona;Ore Diurne;0;0;0;2;;;-1;2;Autovettura privata;In marcia / fermata / arresto;Conducente;M;Illeso;0;;Non accertato;Inesploso
1668401;11;09/01/2006 08:40;Strada Urbana;VIA ARDEATINA;da specificare;;;;PROSSIMITA' VIA GROTTA PERFETTA;Scontro laterale fra veicoli in marcia;Rettilineo;Una carreggiata a doppio senso;Asciutto;Asfaltata;Verticale ed orizzontale;Sereno;Intenso;Buona;Ore Diurne;0;0;0;2;;;-1;1;Autoarticolato;In marcia / fermata / arresto;Conducente;M;Illeso;0;;Non accertato;Inesistente
1668401;11;09/01/2006 08:40;Strada Urbana;VIA ARDEATINA;da specificare;;;;PROSSIMITA' VIA GROTTA PERFETTA;Scontro laterale fra veicoli in marcia;Rettilineo;Una carreggiata a doppio senso;Asciutto;Asfaltata;Verticale ed orizzontale;Sereno;Intenso;Buona;Ore Diurne;0;0;0;2;;;-1;2;Autovettura privata;In marcia / fermata / arresto;Conducente;M;Illeso;0;;Non accertato;Inesistente
1668402;11;09/01/2006 11:35;Strada Urbana;VIA VALCO DI S. PAOLO;da specificare;;;;in prossimità di viale Marconi;Scontro laterale fra veicoli in marcia;Rettilineo;Una carreggiata a doppio senso;Asciutto;Asfaltata;Verticale ed orizzontale;Sereno;Normale;Buona;Ore Diurne;0;0;0;2;;;-1;1;Autovettura privata;In marcia / fermata / arresto;Conducente;M;Illeso;0;;Non accertato;Inesistente