Protocollo;Gruppo;DataOraIncidente;Localizzazione1;STRADA1;Localizzazione2;STRADA2;Strada02;Chilometrica;DaSpecificare;NaturaIncidente;particolaritastrade;TipoStrada;FondoStradale;Pavimentazione;Segnaletica;CondizioneAtmosferica;Traffico;Visibilita;Illuminazione;NUM_FERITI;NUM_RISERVATA;NUM_MORTI;NUM_ILLESI;Longitudine;Latitudine;Confermato;Progressivo;TipoVeicolo;StatoVeicolo;TipoPersona;Sesso;Tipolesione;Deceduto;DecedutoDopo;CinturaCascoUtilizzato;Airbag
1668402;11;09/01/2006 11:35;Strada Urbana;VIA VALCO DI S. PAOLO;da specificare;;;;in prossimità di viale Marconi;Scontro laterale fra veicoli in marcia;Rettilineo;Una carreggiata a doppio senso;Asciutto;Asfaltata;Verticale ed orizzontale;Sereno;Normale;Buona;Ore Diurne;0;0;0;2;;;-1;2;Autovettura pubblica;In marcia / fermata / arresto;Conducente;M;Illeso;0;;Non accertato;Inesistente
1668403;11;09/01/2006 15:40;Strada Urbana;VIA LAURENTINA;da specificare;;;;altezza PIAZZALE ARDIGO';Tamponamento Multiplo;Rettilineo;Due carreggiate;Asciutto;Asfaltata;Verticale ed orizzontale;Sereno;Intenso;Buona;Ore Diurne;1;0;0;4;;;-1;1;Autovettura privata;In marcia / fermata / arresto;Conducente;F;Illeso;0;;Utilizzato;Inesploso
1668403;11;09/01/2006 15:40;Strada Urbana;VIA LAURENTINA;da specificare;;;;altezza PIAZZALE ARDIGO';Tamponamento Multiplo;Rettilineo;Due carreggiate;Asciutto;Asfaltata;Verticale ed orizzontale;Sereno;Intenso;Buona;Ore Diurne;1;0;0;4;;;-1;2;Autovettura privata;In marcia / fermata / arresto;Conducente;M;Illeso;0;;Utilizzato;Inesploso
1668403;11;09/01/2006 15:40;Strada Urbana;VIA LAURENTINA;da specificare;;;;altezza PIAZZALE ARDIGO';Tamponamento Multiplo;Rettilineo;Due carreggiate;Asciutto;Asfaltata;Verticale ed orizzontale;Sereno;Intenso;Buona;Ore Diurne;1;0;0;4;;;-1;2;Autovettura privata;In marcia / fermata / arresto;Passeggero;F;Rimandato;0;NON DECEDUTO;Non accertato;Inesploso
1668403;11;09/01/2006 15:40;Strada Urbana;VIA LAURENTINA;da specificare;;;;altezza PIAZZALE ARDIGO';Tamponamento Multiplo;Rettilineo;Due carreggiate;Asciutto;Asfaltata;Verticale ed orizzontale;Sereno;Intenso;Buona;Ore Diurne;1;0;0;4;;;-1;3;Autovettura privata;In marcia / fermata / arresto;Conducente;M;Illeso;0;;Non accertato;Inesploso
1668403;11;09/01/2006 15:40;Strada Urbana;VIA LAURENTINA;da specificare;;;;altezza PIAZZALE ARDIGO';Tamponamento Multiplo;Rettilineo;Due carreggiate;Asciutto;Asfaltata;Verticale ed orizzontale;Sereno;Intenso;Buona;Ore Diurne;1;0;0;4;;;-1;3;Autovettura privata;In marcia / fermata / arresto;Passeggero;M;Illeso;0;;Utilizzato;Inesploso
1668404;11;09/01/2006 16:30;Strada Urbana;VIALE PICO DELLA MIRANDOLA;in prossimità;;del civico n. ;123;;Veicolo in marcia contro veicolo in sosta;Rettilineo;Due carreggiate;Asciutto;Asfaltata;Verticale ed orizzontale;Sereno;Scarso;Buona;Ore Diurne;0;0;0;1;;;-1;2;Macchina operatrice;In marcia / fermata / arresto;Conducente;F;Illeso;0;;Non accertato;Inesistente
1668405;11;09/01/2006 16:55;Strada Urbana;VIA ANTONINO PIO;all'intersezione con;VIA DEL SANTUARIO REGINA DEGLI APOSTOLI;VIA DEL SANTUARIO REGINA DEGLI APOSTOLI;;;Scontro frontale/laterale SX fra veicoli in marcia;Incrocio;Una carreggiata a senso unico di marcia;Asciutto;Asfaltata;Verticale ed orizzontale;Sereno;Normale;Sufficiente;Ore Diurne;0;0;0;3;;;-1;1;Autovettura privata;In marcia / fermata / arresto;Conducente;F;Illeso;0;;Non accertato;Inesistente
1668405;11;09/01/2006 16:55;Strada Urbana;VIA ANTONINO PIO;all'intersezione con;VIA DEL SANTUARIO REGINA DEGLI APOSTOLI;VIA DEL SANTUARIO REGINA DEGLI APOSTOLI;;;Scontro frontale/laterale SX fra veicoli in marcia;Incrocio;Una carreggiata a senso unico di marcia;Asciutto;Asfaltata;Verticale ed orizzontale;Sereno;Normale;Sufficiente;Ore Diurne;0;0;0;3;;;-1;1;Autovettura privata;In marcia / fermata / arresto;Passeggero;M;Illeso;0;;Non accertato;Inesistente
1668405;11;09/01/2006 16:55;Strada Urbana;VIA ANTONINO PIO;all'intersezione con;VIA DEL SANTUARIO REGINA DEGLI APOSTOLI;VIA DEL SANTUARIO REGINA DEGLI APOSTOLI;;;Scontro frontale/laterale SX fra veicoli in marcia;Incrocio;Una carreggiata a senso unico di marcia;Asciutto;Asfaltata;Verticale ed orizzontale;Sereno;Normale;Sufficiente;Ore Diurne;0;0;0;3;;;-1;2;Autovettura privata;In marcia / fermata / arresto;Conducente;F;Illeso;0;;Utilizzato;Inesistente
1668406;11;09/01/2006 17:10;Strada Urbana;VIA CORINTO;in corrispondenza;;del civico n. ;14;;Scontro frontale/laterale SX fra veicoli in marcia;Rettilineo;Una carreggiata a doppio senso;Asciutto;Asfaltata;Orizzontale;Sereno;Normale;Buona;Sufficiente;1;0;0;1;;;-1;1;Autovettura privata;In marcia / fermata / arresto;Conducente;M;Illeso;0;;Non accertato;Inesistente
1668406;11;09/01/2006 17:10;Strada Urbana;VIA CORINTO;in corrispondenza;;del civico n. ;14;;Scontro frontale/laterale SX fra veicoli in marcia;Rettilineo;Una carreggiata a doppio senso;Asciutto;Asfaltata;Orizzontale;Sereno;Normale;Buona;Sufficiente;1;0;0;1;;;-1;2;Motociclo a solo;In marcia / fermata / arresto;Conducente;M;Ricoverato;0;NON DECEDUTO;Non accertato;Inesistente
1668407;11;09/01/2006 19:45;Strada Urbana;VIA GIROLAMO BENZONI;in prossimità;;del civico n. ;89;;Scontro frontale/laterale SX fra veicoli in marcia;Rettilineo;Una carreggiata a doppio senso;Asciutto;Asfaltata;Orizzontale;Sereno;Normale;Buona;Sufficiente;1;0;0;1;;;-1;1;Autovettura privata;In marcia / fermata / arresto;Conducente;M;Illeso;0;;Utilizzato;Inesistente
1668407;11;09/01/2006 19:45;Strada Urbana;VIA GIROLAMO BENZONI;in prossimità;;del civico n. ;89;;Scontro frontale/laterale SX fra veicoli in marcia;Rettilineo;Una carreggiata a doppio senso;Asciutto;Asfaltata;Orizzontale;Sereno;Normale;Buona;Sufficiente;1;0;0;1;;;-1;2;Motociclo a solo;In marcia / fermata / arresto;Conducente;M;Rifiuta cure immediate;0;NON DECEDUTO;Utilizzato;Inesistente
1668408;11;10/01/2006 00:10;Strada Urbana;VIA APPIA PIGNATELLI;da specificare;;;;200 mt. dopo via dell' Almone;Fuoriuscita dalla sede stradale;Rettilineo;Una carreggiata a doppio senso;Asciutto;Asfaltata;Orizzontale;Sereno;Scarso;Insufficiente;Inesistente;2;0;0;0;;;-1;1;Autovettura privata;In marcia / fermata / arresto;Conducente;M;Rimandato;0;NON DECEDUTO;Non accertato;Inesistente
1668408;11;10/01/2006 00:10;Strada Urbana;VIA APPIA PIGNATELLI;da specificare;;;;200 mt. dopo via dell' Almone;Fuoriuscita dalla sede stradale;Rettilineo;Una carreggiata a doppio senso;Asciutto;Asfaltata;Orizzontale;Sereno;Scarso;Insufficiente;Inesistente;2;0;0;0;;;-1;1;Autovettura privata;In marcia / fermata / arresto;Passeggero;F;Rimandato;0;NON DECEDUTO;Non accertato;Inesistente
1668409;11;10/01/2006 05:00;Strada Urbana;VIA DI VIGNA MURATA;da specificare;;;;in prossimità della fermata ATAC;Veicolo in marcia contro ostacolo fisso;Rettilineo;Più di due carreggiate;Asciutto;Asfaltata;Verticale ed orizzontale;Sereno;Scarso;Buona;Sufficiente;0;0;1;0;;;-1;1;Autovettura privata;In marcia / fermata / arresto;Conducente;M;Deceduto durante prime cure;-1;;Non accertato;Inesistente
1668453;19;01/01/2006 02:30;Provinciale entro l'abitato;VIA BRACCIANENSE;da specificare;;;;sp 493 galleria La Storta;Scontro frontale/laterale SX fra veicoli in marcia;Galleria illuminata;Una carreggiata a doppio senso;Bagnato (pioggia);Asfaltata;Orizzontale;Pioggia in atto;Normale;Buona;Sufficiente;3;0;0;5;;;-1;1;Autovettura privata;In marcia / fermata / arresto;Conducente;M;Illeso;0;;Utilizzato;Inesistente
1668453;19;01/01/2006 02:30;Provinciale entro l'abitato;VIA BRACCIANENSE;da specificare;;;;sp 493 galleria La Storta;Scontro frontale/laterale SX fra veicoli in marcia;Galleria illuminata;Una carreggiata a doppio senso;Bagnato (pioggia);Asfaltata;Orizzontale;Pioggia in atto;Normale;Buona;Sufficiente;3;0;0;5;;;-1;2;Autovettura privata;In marcia / fermata / arresto;Conducente;M;Illeso;0;;Utilizzato;Inesploso
1668453;19;01/01/2006 02:30;Provinciale entro l'abitato;VIA BRACCIANENSE;da specificare;;;;sp 493 galleria La Storta;Scontro frontale/laterale SX fra veicoli in marcia;Galleria illuminata;Una carreggiata a doppio senso;Bagnato (pioggia);Asfaltata;Orizzontale;Pioggia in atto;Normale;Buona;Sufficiente;3;0;0;5;;;-1;2;Autovettura privata;In marcia / fermata / arresto;Passeggero;F;Rimandato;0;NON DECEDUTO;Utilizzato;Inesploso
1668453;19;01/01/2006 02:30;Provinciale entro l'abitato;VIA BRACCIANENSE;da specificare;;;;sp 493 galleria La Storta;Scontro frontale/laterale SX fra veicoli in marcia;Galleria illuminata;Una carreggiata a doppio senso;Bagnato (pioggia);Asfaltata;Orizzontale;Pioggia in atto;Normale;Buona;Sufficiente;3;0;0;5;;;-1;2;Autovettura privata;In marcia / fermata / arresto;Passeggero;M;Rimandato;0;NON DECEDUTO;Non accertato;Inesistente
1668453;19;01/01/2006 02:30;Provinciale entro l'abitato;VIA BRACCIANENSE;da specificare;;;;sp 493 galleria La Storta;Scontro frontale/laterale SX fra veicoli in marcia;Galleria illuminata;Una carreggiata a doppio senso;Bagnato (pioggia);Asfaltata;Orizzontale;Pioggia in atto;Normale;Buona;Sufficiente;3;0;0;5;;;-1;2;Autovettura privata;In marcia / fermata / arresto;Passeggero;F;Rimandato;0;NON DECEDUTO;Non utilizzato;Inesploso
1668453;19;01/01/2006 02:30;Provinciale entro l'abitato;VIA BRACCIANENSE;da specificare;;;;sp 493 galleria La Storta;Scontro frontale/laterale SX fra veicoli in marcia;Galleria illuminata;Una carreggiata a doppio senso;Bagnato (pioggia);Asfaltata;Orizzontale;Pioggia in atto;Normale;Buona;Sufficiente;3;0;0;5;;;-1;3;Autovettura privata;In marcia / fermata / arresto;Conducente;F;Illeso;0;;Utilizzato;Inesistente
1668453;19;01/01/2006 02:30;Provinciale entro l'abitato;VIA BRACCIANENSE;da specificare;;;;sp 493 galleria La Storta;Scontro frontale/laterale SX fra veicoli in marcia;Galleria illuminata;Una carreggiata a doppio senso;Bagnato (pioggia);Asfaltata;Orizzontale;Pioggia in atto;Normale;Buona;Sufficiente;3;0;0;5;;;-1;3;Autovettura privata;In marcia / fermata / arresto;Passeggero;F;Illeso;0;;Non accertato;Inesploso
1668453;19;01/01/2006 02:30;Provinciale entro l'abitato;VIA BRACCIANENSE;da specificare;;;;sp 493 galleria La Storta;Scontro frontale/laterale SX fra veicoli in marcia;Galleria illuminata;Una carreggiata a doppio senso;Bagnato (pioggia);Asfaltata;Orizzontale;Pioggia in atto;Normale;Buona;Sufficiente;3;0;0;5;;;-1;3;Autovettura privata;In marcia / fermata / arresto;Passeggero;M;Illeso;0;;Non accertato;Inesploso
1668454;19;01/01/2006 12:05;Strada Urbana;VIA DELLA PINETA SACCHETTI;all'intersezione semaforizzata con;VIA LUIGI ARBIB PASCUCCI;VIA LUIGI ARBIB PASCUCCI;;;Scontro frontale/laterale SX fra veicoli in marcia;Intersezione semaforizzata;Due carreggiate;Bagnato (pioggia);Asfaltata;Verticale ed orizzontale;Pioggia in atto;Normale;Buona;Ore Diurne;1;0;0;1;;;-1;1;Autoambulanza;In marcia / fermata / arresto;Conducente;M;Rimandato;0;NON DECEDUTO;Esente;Inesistente
1668454;19;01/01/2006 12:05;Strada Urbana;VIA DELLA PINETA SACCHETTI;all'intersezione semaforizzata con;VIA LUIGI ARBIB PASCUCCI;VIA LUIGI ARBIB PASCUCCI;;;Scontro frontale/laterale SX fra veicoli in marcia;Intersezione semaforizzata;Due carreggiate;Bagnato (pioggia);Asfaltata;Verticale ed orizzontale;Pioggia in atto;Normale;Buona;Ore Diurne;1;0;0;1;;;-1;2;Autovettura privata;In marcia / fermata / arresto;Conducente;M;Illeso;0;;Utilizzato;Inesistente
1668455;19;01/01/2006 18:40;Strada Urbana;VIA DI CASAL DEL MARMO;in prossimità;;del civico n. ;209;;Veicolo in marcia contro ostacolo accidentale;Rettilineo;Una carreggiata a doppio senso;Bagnato (pioggia);Asfaltata;Orizzontale;Pioggia in atto;Scarso;Buona;Sufficiente;0;0;0;2;;;-1;1;Autovettura privata;In marcia / fermata / arresto;Conducente;M;Illeso;0;;Utilizzato;Inesploso
1668455;19;01/01/2006 18:40;Strada Urbana;VIA DI CASAL DEL MARMO;in prossimità;;del civico n. ;209;;Veicolo in marcia contro ostacolo accidentale;Rettilineo;Una carreggiata a doppio senso;Bagnato (pioggia);Asfaltata;Orizzontale;Pioggia in atto;Scarso;Buona;Sufficiente;0;0;0;2;;;-1;1;Autovettura privata;In marcia / fermata / arresto;Passeggero;F;Illeso;0;;Utilizzato;Inesistente
1668456;19;01/01/2006 18:40;Strada Urbana;VIA DI CASAL DEL MARMO;in corrispondenza;;del civico n. ;209;;Veicolo in marcia contro ostacolo accidentale;Rettilineo;Una carreggiata a doppio senso;Bagnato (pioggia);Asfaltata;Orizzontale;Pioggia in atto;Scarso;Buona;Sufficiente;0;0;0;4;;;-1;1;Autovettura privata;In marcia / fermata / arresto;Conducente;M;Illeso;0;;Utilizzato;Inesistente
1668456;19;01/01/2006 18:40;Strada Urbana;VIA DI CASAL DEL MARMO;in corrispondenza;;del civico n. ;209;;Veicolo in marcia contro ostacolo accidentale;Rettilineo;Una carreggiata a doppio senso;Bagnato (pioggia);Asfaltata;Orizzontale;Pioggia in atto;Scarso;Buona;Sufficiente;0;0;0;4;;;-1;1;Autovettura privata;In marcia / fermata / arresto;Passeggero;F;Illeso;0;;Non accertato;Inesistente
1668456;19;01/01/2006 18:40;Strada Urbana;VIA DI CASAL DEL MARMO;in corrispondenza;;del civico n. ;209;;Veicolo in marcia contro ostacolo accidentale;Rettilineo;Una carreggiata a doppio senso;Bagnato (pioggia);Asfaltata;Orizzontale;Pioggia in atto;Scarso;Buona;Sufficiente;0;0;0;4;;;-1;1;Autovettura privata;In marcia / fermata / arresto;Passeggero;F;Illeso;0;;Non accertato;Inesistente
1668456;19;01/01/2006 18:40;Strada Urbana;VIA DI CASAL DEL MARMO;in corrispondenza;;del civico n. ;209;;Veicolo in marcia contro ostacolo accidentale;Rettilineo;Una carreggiata a doppio senso;Bagnato (pioggia);Asfaltata;Orizzontale;Pioggia in atto;Scarso;Buona;Sufficiente;0;0;0;4;;;-1;1;Autovettura privata;In marcia / fermata / arresto;Passeggero;M;Illeso;0;;Non accertato;Inesistente
1668457;19;01/01/2006 22:05;Strada Urbana;VIA SEBASTIANO VINCI;da specificare;;;;25 mt prima di via C. Livi;Veicolo in marcia contro ostacolo accidentale;Rettilineo;Una carreggiata a doppio senso;Bagnato (pioggia);Asfaltata;Orizzontale;Pioggia in atto;Scarso;Sufficiente;Sufficiente;0;0;0;1;;;-1;1;Autovettura privata;In marcia / fermata / arresto;Conducente;M;Illeso;0;;Utilizzato;Inesploso
1668458;19;01/01/2006 23:00;Strada Urbana;VIA DI TORREVECCHIA;in corrispondenza;;del civico n. ;442;;Veicolo in marcia contro ostacolo accidentale;Rettilineo;Una carreggiata a doppio senso;Bagnato (pioggia);Asfaltata;Verticale ed orizzontale;Pioggia in atto;Normale;Sufficiente;Sufficiente;0;0;0;1;;;-1;1;Autovettura privata;In marcia / fermata / arresto;Conducente;F;Illeso;0;;Utilizzato;Inesistente
1668459;19;01/01/2006 12:30;Strada Urbana;VIA CASOREZZO;da specificare;;;;in prossimità di via Senago;Veicolo in marcia contro ostacolo fisso;Rettilineo;Una carreggiata a doppio senso;Bagnato (pioggia);Con buche;Verticale ed orizzontale;Pioggia in atto;Scarso;Buona;Ore Diurne;0;0;0;2;;;-1;1;Autovettura privata;In marcia / fermata / arresto;Conducente;F;Illeso;0;;Utilizzato;Inesistente
1668459;19;01/01/2006 12:30;Strada Urbana;VIA CASOREZZO;da specificare;;;;in prossimità di via Senago;Veicolo in marcia contro ostacolo fisso;Rettilineo;Una carreggiata a doppio senso;Bagnato (pioggia);Con buche;Verticale ed orizzontale;Pioggia in atto;Scarso;Buona;Ore Diurne;0;0;0;2;;;-1;1;Autovettura privata;In marcia / fermata / arresto;Passeggero;M;Illeso;0;;Non accertato;Inesistente
1668460;19;02/01/2006 15:45;Strada Urbana;VIA DAMIANO CHIESA;da specificare;;;;fronte palo Acea 17-18;Fuoriuscita dalla sede stradale;Curva a visuale libera;Una carreggiata a doppio senso;Bagnato (pioggia);Asfaltata;Verticale ed orizzontale;Pioggia in atto;Normale;Buona;Ore Diurne;0;0;0;1;;;-1;1;Autovettura privata;In marcia / fermata / arresto;Conducente;M;Illeso;0;;Utilizzato;Inesploso
1668461;19;02/01/2006 17:40;Strada Urbana;VIA DELLA PINETA SACCHETTI;da specificare;;;;in prossimità di via Arbib Pascucci;Tamponamento;Rettilineo;Una carreggiata a senso unico di marcia;Bagnato (umidità in atto);Asfaltata;Verticale ed orizzontale;Nuvoloso;Normale;Buona;Sufficiente;0;0;0;2;;;-1;1;Autovettura privata;In marcia / fermata / arresto;Conducente;M;Illeso;0;;Utilizzato;Inesistente
1668461;19;02/01/2006 17:40;Strada Urbana;VIA DELLA PINETA SACCHETTI;da specificare;;;;in prossimità di via Arbib Pascucci;Tamponamento;Rettilineo;Una carreggiata a senso unico di marcia;Bagnato (umidità in atto);Asfaltata;Verticale ed orizzontale;Nuvoloso;Normale;Buona;Sufficiente;0;0;0;2;;;-1;2;Autovettura privata;In marcia / fermata / arresto;Conducente;M;Illeso;0;;Utilizzato;Inesistente
1668462;19;02/01/2006 17:55;Strada Urbana;VIA PIETRO MAFFI;in prossimità;;del civico n. ;1;;Investimento di pedone;Rettilineo;Una carreggiata a doppio senso;Bagnato (pioggia);Asfaltata;Verticale ed orizzontale;Pioggia in atto;Scarso;Sufficiente;Sufficiente;2;0;0;1;;;-1;;;;Pedone;F;Rimandato;0;NON DECEDUTO;;
1668462;19;02/01/2006 17:55;Strada Urbana;VIA PIETRO MAFFI;in prossimità;;del civico n. ;1;;Investimento di pedone;Rettilineo;Una carreggiata a doppio senso;Bagnato (pioggia);Asfaltata;Verticale ed orizzontale;Pioggia in atto;Scarso;Sufficiente;Sufficiente;2;0;0;1;;;-1;;;;Pedone;F;Rimandato;0;NON DECEDUTO;;
1668462;19;02/01/2006 17:55;Strada Urbana;VIA PIETRO MAFFI;in prossimità;;del civico n. ;1;;Investimento di pedone;Rettilineo;Una carreggiata a doppio senso;Bagnato (pioggia);Asfaltata;Verticale ed orizzontale;Pioggia in atto;Scarso;Sufficiente;Sufficiente;2;0;0;1;;;-1;1;Ciclomotore;In marcia / fermata / arresto;Conducente;M;Illeso;0;;Utilizzato;Inesistente
1668463;19;02/01/2006 18:30;Strada Urbana;VIA VITTORIO MONTIGLIO;da specificare;;;;pross. civico 69;Veicolo in marcia contro veicoli fermi;Rettilineo;Una carreggiata a senso unico di marcia;Bagnato (umidità in atto);Asfaltata;Verticale;Nuvoloso;Scarso;Buona;Sufficiente;0;0;0;3;;;-1;1;Autovettura privata;In marcia / fermata / arresto;Conducente;M;Illeso;0;;Utilizzato;Inesploso
1668463;19;02/01/2006 18:30;Strada Urbana;VIA VITTORIO MONTIGLIO;da specificare;;;;pross. civico 69;Veicolo in marcia contro veicoli fermi;Rettilineo;Una carreggiata a senso unico di marcia;Bagnato (umidità in atto);Asfaltata;Verticale;Nuvoloso;Scarso;Buona;Sufficiente;0;0;0;3;;;-1;1;Autovettura privata;In marcia / fermata / arresto;Passeggero;F;Illeso;0;;Non accertato;Inesistente
1668463;19;02/01/2006 18:30;Strada Urbana;VIA VITTORIO MONTIGLIO;da specificare;;;;pross. civico 69;Veicolo in marcia contro veicoli fermi;Rettilineo;Una carreggiata a senso unico di marcia;Bagnato (umidità in atto);Asfaltata;Verticale;Nuvoloso;Scarso;Buona;Sufficiente;0;0;0;3;;;-1;1;Autovettura privata;In marcia / fermata / arresto;Passeggero;M;Illeso;0;;Non accertato;Inesistente
1668464;19;02/01/2006 19:45;Strada Urbana;VIA DELLA VALLE DEI FONTANILI;da specificare;;;;fronte Via Dei Dumas;Veicolo in marcia contro ostacolo fisso;Rettilineo;Una carreggiata a doppio senso;Bagnato (pioggia);Con buche;Assente;Nuvoloso;Scarso;Buona;Insufficiente;0;0;0;1;;;-1;1;Autovettura privata;In marcia / fermata / arresto;Conducente;F;Illeso;0;;Utilizzato;Inesistente
1668465;19;02/01/2006 19:50;Strada Urbana;VIA DI SELVA CANDIDA;all'intersezione con;VIA CREMOLINO;VIA CREMOLINO;;;Scontro frontale/laterale DX fra veicoli in marcia;Intersezione non regolata/non segnalata;Una carreggiata a doppio senso;Bagnato (pioggia);Asfaltata;Assente;Pioggia in atto;Scarso;Sufficiente;Sufficiente;1;0;0;1;;;-1;1;Motociclo a solo;In marcia / fermata / arresto;Conducente;M;Rimandato;0;NON DECEDUTO;Utilizzato;Inesistente
1668465;19;02/01/2006 19:50;Strada Urbana;VIA DI SELVA CANDIDA;all'intersezione con;VIA CREMOLINO;VIA CREMOLINO;;;Scontro frontale/laterale DX fra veicoli in marcia;Intersezione non regolata/non segnalata;Una carreggiata a doppio senso;Bagnato (pioggia);Asfaltata;Assente;Pioggia in atto;Scarso;Sufficiente;Sufficiente;1;0;0;1;;;-1;2;Autovettura privata;In marcia / fermata / arresto;Conducente;M;Illeso;0;;Utilizzato;Inesistente
1668466;19;02/01/2006 20:15;Strada Urbana;VIA DELLA VALLE DEI FONTANILI;da specificare;;;;altezza Via Dei Dumas ;Veicolo in marcia contro ostacolo fisso;Rettilineo;Una carreggiata a doppio senso;Bagnato (umidità in atto);Con buche;Assente;Sereno;Scarso;Sufficiente;Insufficiente;0;0;0;1;;;-1;1;Autovettura privata;In marcia / fermata / arresto;Conducente;F;Illeso;0;;Utilizzato;Inesistente
1668467;19;02/01/2006 20:30;Strada Urbana;VIA DELLA VALLE DEI FONTANILI;da specificare;;;;altezza Via Dei Dumas;Veicolo in marcia contro ostacolo fisso;Rettilineo;Una carreggiata a doppio senso;Bagnato (umidità in atto);Con buche;Assente;Sereno;Intenso;Insufficiente;Insufficiente;0;0;0;2;;;-1;1;Autovettura privata;In marcia / fermata / arresto;Conducente;F;Illeso;0;;Utilizzato;Inesistente
1668467;19;02/01/2006 20:30;Strada Urbana;VIA DELLA VALLE DEI FONTANILI;da specificare;;;;altezza Via Dei Dumas;Veicolo in marcia contro ostacolo fisso;Rettilineo;Una carreggiata a doppio senso;Bagnato (umidità in atto);Con buche;Assente;Sereno;Intenso;Insufficiente;Insufficiente;0;0;0;2;;;-1;1;Autovettura privata;In marcia / fermata / arresto;Passeggero;M;Illeso;0;;Non accertato;Inesistente
1668468;19;03/01/2006 04:00;Strada Urbana;GALLERIA GIOVANNI XXIII;in prossimità;;della chilometrica ;1,6;;Veicolo in marcia contro ostacolo fisso;Galleria illuminata;Una carreggiata a senso unico di marcia;Asciutto;Asfaltata;Verticale ed orizzontale;Sereno;Scarso;Buona;Sufficiente;0;0;0;1;;;-1;1;Autovettura privata;In marcia / fermata / arresto;Conducente;F;Illeso;0;;Utilizzato;Inesistente
1668469;19;03/01/2006 07:00;Strada Urbana;VIA DELLA VALLE DEI FONTANILI;in prossimità;;del civico n. ;47;;Veicolo in marcia contro ostacolo accidentale;Pendenza;Una carreggiata a doppio senso;Bagnato (umidità in atto);Strada pavimentata dissestata;Assente;Nuvoloso;Normale;Buona;Ore Diurne;0;0;0;1;;;-1;1;Autovettura privata;In marcia / fermata / arresto;Conducente;M;Illeso;0;;Non accertato;Inesistente
1668470;19;03/01/2006 08:30;Comunale extraurbana;VIA CHIVASSO;da specificare;;;;s.n.c. a circa 1 KM da via della Storta.;Scontro frontale fra veicoli in marcia;Curva senza visuale libera;Una carreggiata a doppio senso;Bagnato (umidità in atto);Strada pavimentata dissestata;Assente;Nuvoloso;Normale;Buona;Ore Diurne;0;0;0;2;;;-1;1;Autovettura privata;In marcia / fermata / arresto;Conducente;M;Illeso;0;;Non accertato;Esploso
1668470;19;03/01/2006 08:30;Comunale extraurbana;VIA CHIVASSO;da specificare;;;;s.n.c. a circa 1 KM da via della Storta.;Scontro frontale fra veicoli in marcia;Curva senza visuale libera;Una carreggiata a doppio senso;Bagnato (umidità in atto);Strada pavimentata dissestata;Assente;Nuvoloso;Normale;Buona;Ore Diurne;0;0;0;2;;;-1;2;Autocarro superiore 35 q.;In marcia / fermata / arresto;Conducente;M;Illeso;0;;Esente;Inesistente
1668471;19;03/01/2006 11:00;Strada Urbana;VIA TRIONFALE;in corrispondenza;;del civico n. ;11411;;Veicolo in marcia contro ostacolo accidentale;Rettilineo;Una carreggiata a doppio senso;Bagnato (pioggia);Con buche;Orizzontale;Pioggia in atto;Normale;Buona;Sufficiente;0;0;0;1;;;-1;1;Autovettura privata;In marcia / fermata / arresto;Conducente;F;Illeso;0;;Utilizzato;Inesploso
1668472;19;03/01/2006 19:15;Strada Urbana;VIA LUIGI ARBIB PASCUCCI;in prossimità;;del civico n. ;6;;Scontro laterale fra veicoli in marcia;Curva a visuale libera;Una carreggiata a senso unico di marcia;Asciutto;Asfaltata;Orizzontale;Sereno;Normale;Buona;Sufficiente;0;0;0;2;;;-1;1;Autovettura privata;In marcia / fermata / arresto;Conducente;M;Illeso;0;;Utilizzato;Inesistente
1668472;19;03/01/2006 19:15;Strada Urbana;VIA LUIGI ARBIB PASCUCCI;in prossimità;;del civico n. ;6;;Scontro laterale fra veicoli in marcia;Curva a visuale libera;Una carreggiata a senso unico di marcia;Asciutto;Asfaltata;Orizzontale;Sereno;Normale;Buona;Sufficiente;0;0;0;2;;;-1;2;Autovettura privata;In marcia / fermata / arresto;Conducente;M;Illeso;0;;Utilizzato;Inesistente
1668473;19;03/01/2006 20:30;Strada Urbana;VIA DI CASAL DEL MARMO;in corrispondenza;;del civico n. ;216;;Veicolo in marcia contro ostacolo accidentale;Rettilineo;Una carreggiata a doppio senso;Asciutto;Asfaltata;Orizzontale;Sereno;Normale;Buona;Sufficiente;1;0;0;0;;;-1;1;Motociclo a solo;In marcia / fermata / arresto;Conducente;M;Rimandato;0;NON DECEDUTO;Utilizzato;Inesistente
1668474;19;04/01/2006 13:30;Strada Urbana;VIA STRESA;all'intersezione con;VIA MARIO FANI;VIA MARIO FANI;;;Scontro frontale/laterale DX fra veicoli in marcia;Incrocio;Una carreggiata a doppio senso;Asciutto;Asfaltata;Verticale ed orizzontale;Nuvoloso;Normale;Buona;Ore Diurne;0;0;0;2;;;-1;1;Autovettura privata;In marcia / fermata / arresto;Conducente;F;Illeso;0;;Utilizzato;Inesploso