Protocollo;Gruppo;DataOraIncidente;Localizzazione1;STRADA1;Localizzazione2;STRADA2;Strada02;Chilometrica;DaSpecificare;NaturaIncidente;particolaritastrade;TipoStrada;FondoStradale;Pavimentazione;Segnaletica;CondizioneAtmosferica;Traffico;Visibilita;Illuminazione;NUM_FERITI;NUM_RISERVATA;NUM_MORTI;NUM_ILLESI;Longitudine;Latitudine;Confermato;Progressivo;TipoVeicolo;StatoVeicolo;TipoPersona;Sesso;Tipolesione;Deceduto;DecedutoDopo;CinturaCascoUtilizzato;Airbag
1669225;10;28/01/2006 18:00;Strada Urbana;VIA GASPERINA;in corrispondenza;;del civico n. ;185;;Tamponamento;Rettilineo;Una carreggiata a doppio senso;Asciutto;Asfaltata;Orizzontale;Nuvoloso;Normale;Buona;Sufficiente;0;0;0;4;;;-1;1;Autovettura privata;In marcia / fermata / arresto;Passeggero;M;Illeso;0;;Non accertato;Inesistente
1669226;10;29/01/2006 20:30;Strada Urbana;VIA ORAZIO PULVILLO;all'intersezione con;VIA LICINIO STOLONE;VIA LICINIO STOLONE;;;Veicolo in marcia contro veicolo fermo;Incrocio;Una carreggiata a senso unico di marcia;Asciutto;Asfaltata;Assente;Sereno;Scarso;Buona;Sufficiente;0;0;0;2;;;-1;1;Autovettura privata;In marcia / fermata / arresto;Conducente;F;Illeso;0;;Non accertato;Inesistente
1669226;10;29/01/2006 20:30;Strada Urbana;VIA ORAZIO PULVILLO;all'intersezione con;VIA LICINIO STOLONE;VIA LICINIO STOLONE;;;Veicolo in marcia contro veicolo fermo;Incrocio;Una carreggiata a senso unico di marcia;Asciutto;Asfaltata;Assente;Sereno;Scarso;Buona;Sufficiente;0;0;0;2;;;-1;2;Autovettura privata;In marcia / fermata / arresto;Conducente;M;Illeso;0;;Non accertato;Inesistente
1669227;11;27/01/2006 18:50;Strada Urbana;VIA CAFFARO;in prossimità;;del civico n. ;129;;Veicolo in marcia contro veicolo fermo;Rettilineo;Una carreggiata a senso unico di marcia;Bagnato (pioggia);Asfaltata;Assente;Nuvoloso;Normale;Buona;Sufficiente;0;0;0;3;;;-1;1;Autovettura privata;In marcia / fermata / arresto;Conducente;M;Illeso;0;;Utilizzato;Inesistente
1669227;11;27/01/2006 18:50;Strada Urbana;VIA CAFFARO;in prossimità;;del civico n. ;129;;Veicolo in marcia contro veicolo fermo;Rettilineo;Una carreggiata a senso unico di marcia;Bagnato (pioggia);Asfaltata;Assente;Nuvoloso;Normale;Buona;Sufficiente;0;0;0;3;;;-1;2;Autovettura privata;In marcia / fermata / arresto;Conducente;M;Illeso;0;;Utilizzato;Inesploso
1669227;11;27/01/2006 18:50;Strada Urbana;VIA CAFFARO;in prossimità;;del civico n. ;129;;Veicolo in marcia contro veicolo fermo;Rettilineo;Una carreggiata a senso unico di marcia;Bagnato (pioggia);Asfaltata;Assente;Nuvoloso;Normale;Buona;Sufficiente;0;0;0;3;;;-1;2;Autovettura privata;In marcia / fermata / arresto;Passeggero;M;Illeso;0;;Utilizzato;Inesploso
1669228;11;27/01/2006 20:30;Strada Urbana;VIA LAURENTINA;in corrispondenza;;del civico n. ;510;;Tamponamento Multiplo;Rettilineo;Due carreggiate;Bagnato (umidità in atto);Asfaltata;Orizzontale;Nuvoloso;Normale;Sufficiente;Sufficiente;1;0;0;6;;;-1;1;Autovettura privata;In marcia / fermata / arresto;Conducente;M;Illeso;0;;Utilizzato;Inesistente
1669228;11;27/01/2006 20:30;Strada Urbana;VIA LAURENTINA;in corrispondenza;;del civico n. ;510;;Tamponamento Multiplo;Rettilineo;Due carreggiate;Bagnato (umidità in atto);Asfaltata;Orizzontale;Nuvoloso;Normale;Sufficiente;Sufficiente;1;0;0;6;;;-1;2;Autovettura privata;In marcia / fermata / arresto;Conducente;F;Rimandato;0;NON DECEDUTO;Non accertato;Inesistente
1669228;11;27/01/2006 20:30;Strada Urbana;VIA LAURENTINA;in corrispondenza;;del civico n. ;510;;Tamponamento Multiplo;Rettilineo;Due carreggiate;Bagnato (umidità in atto);Asfaltata;Orizzontale;Nuvoloso;Normale;Sufficiente;Sufficiente;1;0;0;6;;;-1;3;Autovettura privata;In marcia / fermata / arresto;Conducente;M;Illeso;0;;Non accertato;Inesistente
1669228;11;27/01/2006 20:30;Strada Urbana;VIA LAURENTINA;in corrispondenza;;del civico n. ;510;;Tamponamento Multiplo;Rettilineo;Due carreggiate;Bagnato (umidità in atto);Asfaltata;Orizzontale;Nuvoloso;Normale;Sufficiente;Sufficiente;1;0;0;6;;;-1;3;Autovettura privata;In marcia / fermata / arresto;Passeggero;F;Illeso;0;;Non accertato;Inesistente
1669228;11;27/01/2006 20:30;Strada Urbana;VIA LAURENTINA;in corrispondenza;;del civico n. ;510;;Tamponamento Multiplo;Rettilineo;Due carreggiate;Bagnato (umidità in atto);Asfaltata;Orizzontale;Nuvoloso;Normale;Sufficiente;Sufficiente;1;0;0;6;;;-1;4;Autovettura privata;In marcia / fermata / arresto;Conducente;F;Illeso;0;;Utilizzato;Inesistente
1669228;11;27/01/2006 20:30;Strada Urbana;VIA LAURENTINA;in corrispondenza;;del civico n. ;510;;Tamponamento Multiplo;Rettilineo;Due carreggiate;Bagnato (umidità in atto);Asfaltata;Orizzontale;Nuvoloso;Normale;Sufficiente;Sufficiente;1;0;0;6;;;-1;5;Autocarro inferiore 35 q.;In marcia / fermata / arresto;Conducente;M;Illeso;0;;Utilizzato;Inesistente
1669228;11;27/01/2006 20:30;Strada Urbana;VIA LAURENTINA;in corrispondenza;;del civico n. ;510;;Tamponamento Multiplo;Rettilineo;Due carreggiate;Bagnato (umidità in atto);Asfaltata;Orizzontale;Nuvoloso;Normale;Sufficiente;Sufficiente;1;0;0;6;;;-1;5;Autocarro inferiore 35 q.;In marcia / fermata / arresto;Passeggero;M;Illeso;0;;Utilizzato;Inesistente
1669229;11;28/01/2006 04:15;Strada Urbana;VIA DELLE SETTE CHIESE;all'intersezione semaforizzata con;VIA DI S. PETRONILLA;VIA DI S. PETRONILLA;;;Scontro frontale/laterale DX fra veicoli in marcia;Intersezione semaforizzata;Due carreggiate;Bagnato (pioggia);Asfaltata;Verticale ed orizzontale;Nuvoloso;Scarso;Sufficiente;Sufficiente;2;0;0;2;;;-1;1;Autovettura privata;In marcia / fermata / arresto;Conducente;M;Rimandato;0;NON DECEDUTO;Utilizzato;Esploso
1669229;11;28/01/2006 04:15;Strada Urbana;VIA DELLE SETTE CHIESE;all'intersezione semaforizzata con;VIA DI S. PETRONILLA;VIA DI S. PETRONILLA;;;Scontro frontale/laterale DX fra veicoli in marcia;Intersezione semaforizzata;Due carreggiate;Bagnato (pioggia);Asfaltata;Verticale ed orizzontale;Nuvoloso;Scarso;Sufficiente;Sufficiente;2;0;0;2;;;-1;1;Autovettura privata;In marcia / fermata / arresto;Passeggero;M;Ricoverato;0;NON DECEDUTO;Non accertato;Inesistente
1669229;11;28/01/2006 04:15;Strada Urbana;VIA DELLE SETTE CHIESE;all'intersezione semaforizzata con;VIA DI S. PETRONILLA;VIA DI S. PETRONILLA;;;Scontro frontale/laterale DX fra veicoli in marcia;Intersezione semaforizzata;Due carreggiate;Bagnato (pioggia);Asfaltata;Verticale ed orizzontale;Nuvoloso;Scarso;Sufficiente;Sufficiente;2;0;0;2;;;-1;2;Autovettura privata;In marcia / fermata / arresto;Conducente;M;Illeso;0;;Utilizzato;Inesistente
1669229;11;28/01/2006 04:15;Strada Urbana;VIA DELLE SETTE CHIESE;all'intersezione semaforizzata con;VIA DI S. PETRONILLA;VIA DI S. PETRONILLA;;;Scontro frontale/laterale DX fra veicoli in marcia;Intersezione semaforizzata;Due carreggiate;Bagnato (pioggia);Asfaltata;Verticale ed orizzontale;Nuvoloso;Scarso;Sufficiente;Sufficiente;2;0;0;2;;;-1;3;Autovettura privata;In marcia / fermata / arresto;Conducente;M;Illeso;0;;Utilizzato;Inesploso
1669230;11;28/01/2006 13:30;Strada Urbana;VIA LAURENTINA;in prossimità;;del civico n. ;197;;Scontro laterale fra veicoli in marcia;Rettilineo;Due carreggiate;Asciutto;Asfaltata;Verticale ed orizzontale;Nuvoloso;Normale;Buona;Ore Diurne;0;0;0;3;;;-1;1;Autovettura privata;In marcia / fermata / arresto;Conducente;M;Illeso;0;;Utilizzato;Inesistente
1669230;11;28/01/2006 13:30;Strada Urbana;VIA LAURENTINA;in prossimità;;del civico n. ;197;;Scontro laterale fra veicoli in marcia;Rettilineo;Due carreggiate;Asciutto;Asfaltata;Verticale ed orizzontale;Nuvoloso;Normale;Buona;Ore Diurne;0;0;0;3;;;-1;2;Autovettura privata;In marcia / fermata / arresto;Conducente;F;Illeso;0;;Utilizzato;Inesploso
1669230;11;28/01/2006 13:30;Strada Urbana;VIA LAURENTINA;in prossimità;;del civico n. ;197;;Scontro laterale fra veicoli in marcia;Rettilineo;Due carreggiate;Asciutto;Asfaltata;Verticale ed orizzontale;Nuvoloso;Normale;Buona;Ore Diurne;0;0;0;3;;;-1;2;Autovettura privata;In marcia / fermata / arresto;Passeggero;M;Illeso;0;;Utilizzato;Inesistente
1669231;11;29/01/2006 06:25;Strada Urbana;VIA OSTIENSE;in prossimità;;del civico n. ;90;;Scontro frontale/laterale DX fra veicoli in marcia;Rettilineo;Più di due carreggiate;Bagnato (pioggia);Asfaltata;Verticale ed orizzontale;Pioggia in atto;Scarso;Buona;Ore Diurne;3;0;0;0;;;-1;1;Autovettura privata;In marcia / fermata / arresto;Conducente;M;Rimandato;0;NON DECEDUTO;Non accertato;Inesistente
1669231;11;29/01/2006 06:25;Strada Urbana;VIA OSTIENSE;in prossimità;;del civico n. ;90;;Scontro frontale/laterale DX fra veicoli in marcia;Rettilineo;Più di due carreggiate;Bagnato (pioggia);Asfaltata;Verticale ed orizzontale;Pioggia in atto;Scarso;Buona;Ore Diurne;3;0;0;0;;;-1;1;Autovettura privata;In marcia / fermata / arresto;Passeggero;F;Rimandato;0;NON DECEDUTO;Utilizzato;Inesistente
1669231;11;29/01/2006 06:25;Strada Urbana;VIA OSTIENSE;in prossimità;;del civico n. ;90;;Scontro frontale/laterale DX fra veicoli in marcia;Rettilineo;Più di due carreggiate;Bagnato (pioggia);Asfaltata;Verticale ed orizzontale;Pioggia in atto;Scarso;Buona;Ore Diurne;3;0;0;0;;;-1;2;Autovettura privata;In marcia / fermata / arresto;Conducente;F;Ricoverato;0;NON DECEDUTO;Utilizzato;Inesistente
1669232;11;29/01/2006 10:35;Strada Urbana;VIA ARDEATINA;in corrispondenza;;del civico n. ;354;;Tamponamento;Rettilineo;Una carreggiata a doppio senso;Bagnato (umidità in atto);Asfaltata;Orizzontale;Nuvoloso;Normale;Buona;Ore Diurne;1;0;0;2;;;-1;1;Autovettura privata;In marcia / fermata / arresto;Conducente;M;Illeso;0;;Non accertato;Inesistente
1669232;11;29/01/2006 10:35;Strada Urbana;VIA ARDEATINA;in corrispondenza;;del civico n. ;354;;Tamponamento;Rettilineo;Una carreggiata a doppio senso;Bagnato (umidità in atto);Asfaltata;Orizzontale;Nuvoloso;Normale;Buona;Ore Diurne;1;0;0;2;;;-1;1;Autovettura privata;In marcia / fermata / arresto;Passeggero;F;Rimandato;0;NON DECEDUTO;Non accertato;Inesistente
1669232;11;29/01/2006 10:35;Strada Urbana;VIA ARDEATINA;in corrispondenza;;del civico n. ;354;;Tamponamento;Rettilineo;Una carreggiata a doppio senso;Bagnato (umidità in atto);Asfaltata;Orizzontale;Nuvoloso;Normale;Buona;Ore Diurne;1;0;0;2;;;-1;2;Autovettura privata;In marcia / fermata / arresto;Conducente;M;Illeso;0;;Utilizzato;Inesistente
1669233;11;29/01/2006 18:00;Strada Urbana;CIRCONVALLAZIONE OSTIENSE;all'intersezione con;VIA MANFREDO CAMPERIO;VIA MANFREDO CAMPERIO;;;Scontro frontale/laterale DX fra veicoli in marcia;Incrocio;Una carreggiata a senso unico di marcia;Asciutto;Asfaltata;Verticale ed orizzontale;Nuvoloso;Normale;Buona;Sufficiente;0;0;0;3;;;-1;1;Autobus urbano;In marcia / fermata / arresto;Conducente;M;Illeso;0;;Utilizzato;Inesistente
1669233;11;29/01/2006 18:00;Strada Urbana;CIRCONVALLAZIONE OSTIENSE;all'intersezione con;VIA MANFREDO CAMPERIO;VIA MANFREDO CAMPERIO;;;Scontro frontale/laterale DX fra veicoli in marcia;Incrocio;Una carreggiata a senso unico di marcia;Asciutto;Asfaltata;Verticale ed orizzontale;Nuvoloso;Normale;Buona;Sufficiente;0;0;0;3;;;-1;2;Autovettura privata;In marcia / fermata / arresto;Conducente;M;Illeso;0;;Utilizzato;Inesistente
1669233;11;29/01/2006 18:00;Strada Urbana;CIRCONVALLAZIONE OSTIENSE;all'intersezione con;VIA MANFREDO CAMPERIO;VIA MANFREDO CAMPERIO;;;Scontro frontale/laterale DX fra veicoli in marcia;Incrocio;Una carreggiata a senso unico di marcia;Asciutto;Asfaltata;Verticale ed orizzontale;Nuvoloso;Normale;Buona;Sufficiente;0;0;0;3;;;-1;2;Autovettura privata;In marcia / fermata / arresto;Passeggero;F;Illeso;0;;Utilizzato;Inesistente
1669234;11;29/01/2006 18:45;Strada Urbana;VIA DEI GEORGOFILI;all'intersezione con;VIA DELL'ACCADEMIA DEL CIMENTO;VIA DELL'ACCADEMIA DEL CIMENTO;;;Scontro laterale fra veicoli in marcia;Intersezione stradale segnalata;Una carreggiata a doppio senso;Asciutto;Asfaltata;Verticale ed orizzontale;Nuvoloso;Scarso;Sufficiente;Sufficiente;0;0;0;4;;;-1;1;Autovettura privata;In marcia / fermata / arresto;Conducente;M;Illeso;0;;Utilizzato;Inesistente
1669234;11;29/01/2006 18:45;Strada Urbana;VIA DEI GEORGOFILI;all'intersezione con;VIA DELL'ACCADEMIA DEL CIMENTO;VIA DELL'ACCADEMIA DEL CIMENTO;;;Scontro laterale fra veicoli in marcia;Intersezione stradale segnalata;Una carreggiata a doppio senso;Asciutto;Asfaltata;Verticale ed orizzontale;Nuvoloso;Scarso;Sufficiente;Sufficiente;0;0;0;4;;;-1;1;Autovettura privata;In marcia / fermata / arresto;Passeggero;M;Illeso;0;;Non accertato;Inesistente
1669234;11;29/01/2006 18:45;Strada Urbana;VIA DEI GEORGOFILI;all'intersezione con;VIA DELL'ACCADEMIA DEL CIMENTO;VIA DELL'ACCADEMIA DEL CIMENTO;;;Scontro laterale fra veicoli in marcia;Intersezione stradale segnalata;Una carreggiata a doppio senso;Asciutto;Asfaltata;Verticale ed orizzontale;Nuvoloso;Scarso;Sufficiente;Sufficiente;0;0;0;4;;;-1;2;Autovettura privata;In marcia / fermata / arresto;Conducente;F;Illeso;0;;Non accertato;Inesistente
1669234;11;29/01/2006 18:45;Strada Urbana;VIA DEI GEORGOFILI;all'intersezione con;VIA DELL'ACCADEMIA DEL CIMENTO;VIA DELL'ACCADEMIA DEL CIMENTO;;;Scontro laterale fra veicoli in marcia;Intersezione stradale segnalata;Una carreggiata a doppio senso;Asciutto;Asfaltata;Verticale ed orizzontale;Nuvoloso;Scarso;Sufficiente;Sufficiente;0;0;0;4;;;-1;2;Autovettura privata;In marcia / fermata / arresto;Passeggero;F;Illeso;0;;Non accertato;Inesistente
1669235;11;29/01/2006 23:30;Strada Urbana;VIA DI TOR CARBONE;in prossimità;;del civico n. ;74;;Fuoriuscita dalla sede stradale;Curva senza visuale libera;Una carreggiata a doppio senso;Asciutto;Asfaltata;Verticale ed orizzontale;Nuvoloso;Scarso;Sufficiente;Inesistente;0;0;0;1;;;-1;1;Autovettura privata;In marcia / fermata / arresto;Conducente;M;Illeso;0;;Non accertato;Inesploso
1669236;11;30/01/2006 00:05;Provinciale;VIA ARDEATINA;all'intersezione con;VIA DELLE CORNACCHIOLE;VIA DELLE CORNACCHIOLE;;;Tamponamento;Incrocio;Una carreggiata a doppio senso;Asciutto;Asfaltata;Orizzontale;Nuvoloso;Scarso;Sufficiente;Sufficiente;0;0;0;2;;;-1;1;Autovettura privata;In marcia / fermata / arresto;Conducente;M;Illeso;0;;Esente;Inesistente
1669236;11;30/01/2006 00:05;Provinciale;VIA ARDEATINA;all'intersezione con;VIA DELLE CORNACCHIOLE;VIA DELLE CORNACCHIOLE;;;Tamponamento;Incrocio;Una carreggiata a doppio senso;Asciutto;Asfaltata;Orizzontale;Nuvoloso;Scarso;Sufficiente;Sufficiente;0;0;0;2;;;-1;2;Autovettura privata;In marcia / fermata / arresto;Conducente;M;Illeso;0;;Non accertato;Inesistente
1669237;20;29/01/2006 22:45;Provinciale;VIA FORMELLESE;in prossimità;;della chilometrica ;1;;Scontro frontale fra veicoli in marcia;Curva senza visuale libera;Una carreggiata a doppio senso;Bagnato (umidità in atto);Asfaltata;Verticale ed orizzontale;Nuvoloso;Scarso;Insufficiente;Inesistente;2;0;0;1;;;-1;1;Autovettura privata;In marcia / fermata / arresto;Conducente;M;Rimandato;0;NON DECEDUTO;Non accertato;Esploso
1669237;20;29/01/2006 22:45;Provinciale;VIA FORMELLESE;in prossimità;;della chilometrica ;1;;Scontro frontale fra veicoli in marcia;Curva senza visuale libera;Una carreggiata a doppio senso;Bagnato (umidità in atto);Asfaltata;Verticale ed orizzontale;Nuvoloso;Scarso;Insufficiente;Inesistente;2;0;0;1;;;-1;2;Autovettura privata;In marcia / fermata / arresto;Conducente;F;Rimandato;0;NON DECEDUTO;Non accertato;Esploso
1669237;20;29/01/2006 22:45;Provinciale;VIA FORMELLESE;in prossimità;;della chilometrica ;1;;Scontro frontale fra veicoli in marcia;Curva senza visuale libera;Una carreggiata a doppio senso;Bagnato (umidità in atto);Asfaltata;Verticale ed orizzontale;Nuvoloso;Scarso;Insufficiente;Inesistente;2;0;0;1;;;-1;3;Autovettura privata;In marcia / fermata / arresto;Conducente;F;Illeso;0;;Non accertato;Inesploso
1669238;20;30/01/2006 04:20;Strada Urbana;VIA DELLA CAMILLUCCIA;in prossimità;;del civico n. ;723;;Veicolo in marcia contro ostacolo fisso;Dosso;Una carreggiata a doppio senso;Asciutto;Asfaltata;Verticale ed orizzontale;Sereno;Scarso;Buona;Sufficiente;0;0;0;1;;;-1;1;Autovettura privata;In marcia / fermata / arresto;Conducente;F;Illeso;0;;Non accertato;Inesistente
1669239;13;28/01/2006 08:00;Strada Urbana;VIA ALESSANDRO PIOLA CASELLI;all'intersezione con;VIA CAPO PALINURO;VIA CAPO PALINURO;;;Scontro frontale/laterale SX fra veicoli in marcia;Incrocio;Una carreggiata a doppio senso;Bagnato (pioggia);Asfaltata;Verticale ed orizzontale;Nuvoloso;Normale;Sufficiente;Ore Diurne;0;0;0;3;;;-1;1;Autovettura privata;In marcia / fermata / arresto;Conducente;M;Illeso;0;;Non accertato;Inesploso
1669239;13;28/01/2006 08:00;Strada Urbana;VIA ALESSANDRO PIOLA CASELLI;all'intersezione con;VIA CAPO PALINURO;VIA CAPO PALINURO;;;Scontro frontale/laterale SX fra veicoli in marcia;Incrocio;Una carreggiata a doppio senso;Bagnato (pioggia);Asfaltata;Verticale ed orizzontale;Nuvoloso;Normale;Sufficiente;Ore Diurne;0;0;0;3;;;-1;2;Autovettura privata;In marcia / fermata / arresto;Conducente;M;Illeso;0;;Non accertato;Inesploso
1669239;13;28/01/2006 08:00;Strada Urbana;VIA ALESSANDRO PIOLA CASELLI;all'intersezione con;VIA CAPO PALINURO;VIA CAPO PALINURO;;;Scontro frontale/laterale SX fra veicoli in marcia;Incrocio;Una carreggiata a doppio senso;Bagnato (pioggia);Asfaltata;Verticale ed orizzontale;Nuvoloso;Normale;Sufficiente;Ore Diurne;0;0;0;3;;;-1;2;Autovettura privata;In marcia / fermata / arresto;Passeggero;F;Illeso;0;;Non accertato;Inesploso
1669240;13;29/01/2006 14:45;Strada Urbana;VIALE ALESSANDRO MAGNO;all'intersezione con;VIA DI CASAL PALOCCO;VIA DI CASAL PALOCCO;;;Veicolo in marcia contro ostacolo fisso;Incrocio;Una carreggiata a senso unico di marcia;Asciutto;Asfaltata;Verticale ed orizzontale;Nuvoloso;Scarso;Buona;Ore Diurne;0;0;0;3;;;-1;1;Autovettura privata;In marcia / fermata / arresto;Conducente;M;Illeso;0;;Non accertato;Esploso
1669240;13;29/01/2006 14:45;Strada Urbana;VIALE ALESSANDRO MAGNO;all'intersezione con;VIA DI CASAL PALOCCO;VIA DI CASAL PALOCCO;;;Veicolo in marcia contro ostacolo fisso;Incrocio;Una carreggiata a senso unico di marcia;Asciutto;Asfaltata;Verticale ed orizzontale;Nuvoloso;Scarso;Buona;Ore Diurne;0;0;0;3;;;-1;1;Autovettura privata;In marcia / fermata / arresto;Passeggero;M;Illeso;0;;Non accertato;Inesistente
1669240;13;29/01/2006 14:45;Strada Urbana;VIALE ALESSANDRO MAGNO;all'intersezione con;VIA DI CASAL PALOCCO;VIA DI CASAL PALOCCO;;;Veicolo in marcia contro ostacolo fisso;Incrocio;Una carreggiata a senso unico di marcia;Asciutto;Asfaltata;Verticale ed orizzontale;Nuvoloso;Scarso;Buona;Ore Diurne;0;0;0;3;;;-1;1;Autovettura privata;In marcia / fermata / arresto;Passeggero;M;Illeso;0;;Non accertato;Inesistente
1669241;15;27/01/2006 09:20;Strada Urbana;VIA CRISTOFORO SABBADINO;all'intersezione con;VIA MURISENGO;VIA MURISENGO;;;Scontro frontale/laterale DX fra veicoli in marcia;Incrocio;Una carreggiata a doppio senso;Bagnato (pioggia);Asfaltata;Assente;Pioggia in atto;Normale;Buona;Ore Diurne;1;0;0;1;;;-1;1;Autoarticolato;In marcia / fermata / arresto;Conducente;M;Illeso;0;;Utilizzato;Inesistente
1669241;15;27/01/2006 09:20;Strada Urbana;VIA CRISTOFORO SABBADINO;all'intersezione con;VIA MURISENGO;VIA MURISENGO;;;Scontro frontale/laterale DX fra veicoli in marcia;Incrocio;Una carreggiata a doppio senso;Bagnato (pioggia);Asfaltata;Assente;Pioggia in atto;Normale;Buona;Ore Diurne;1;0;0;1;;;-1;3;Autovettura privata;In marcia / fermata / arresto;Conducente;M;Rimandato;0;NON DECEDUTO;Utilizzato;Inesistente
1669242;15;27/01/2006 11:30;Strada Urbana;VIA DI GENEROSA;in corrispondenza;;del civico n. ;22;;Tamponamento;Curva senza visuale libera;Una carreggiata a doppio senso;Asciutto;Asfaltata;Assente;Nuvoloso;Normale;Buona;Ore Diurne;0;0;0;3;;;-1;1;Autovettura privata;In marcia / fermata / arresto;Conducente;F;Illeso;0;;Non accertato;Inesistente
1669242;15;27/01/2006 11:30;Strada Urbana;VIA DI GENEROSA;in corrispondenza;;del civico n. ;22;;Tamponamento;Curva senza visuale libera;Una carreggiata a doppio senso;Asciutto;Asfaltata;Assente;Nuvoloso;Normale;Buona;Ore Diurne;0;0;0;3;;;-1;2;Autovettura privata;In marcia / fermata / arresto;Conducente;F;Illeso;0;;Non accertato;Inesistente
1669242;15;27/01/2006 11:30;Strada Urbana;VIA DI GENEROSA;in corrispondenza;;del civico n. ;22;;Tamponamento;Curva senza visuale libera;Una carreggiata a doppio senso;Asciutto;Asfaltata;Assente;Nuvoloso;Normale;Buona;Ore Diurne;0;0;0;3;;;-1;2;Autovettura privata;In marcia / fermata / arresto;Passeggero;F;Illeso;0;;Non accertato;Inesistente
1669243;15;29/01/2006 11:25;Strada Urbana;VIA PORTUENSE;da specificare;;;;VIADOTTO PROX. SVINCOLO PER FIUMICINO/EUR;Infortunio per caduta del veicolo;Curva a visuale libera;Due carreggiate;Bagnato (pioggia);Asfaltata;Orizzontale;Pioggia in atto;Scarso;Buona;Ore Diurne;1;0;0;0;;;-1;1;Autovettura privata;In marcia / fermata / arresto;Conducente;F;Rimandato;0;NON DECEDUTO;Utilizzato;Inesistente
1669244;15;29/01/2006 17:00;Strada Urbana;VIA SARZANA;all'intersezione con;VIALE VENTIMIGLIA;VIALE VENTIMIGLIA;;;Scontro frontale/laterale SX fra veicoli in marcia;Incrocio;Una carreggiata a doppio senso;Asciutto;Asfaltata;Verticale ed orizzontale;Sereno;Scarso;Buona;Sufficiente;0;0;0;4;;;-1;1;Autovettura privata;In marcia / fermata / arresto;Conducente;F;Illeso;0;;Utilizzato;Inesistente
1669244;15;29/01/2006 17:00;Strada Urbana;VIA SARZANA;all'intersezione con;VIALE VENTIMIGLIA;VIALE VENTIMIGLIA;;;Scontro frontale/laterale SX fra veicoli in marcia;Incrocio;Una carreggiata a doppio senso;Asciutto;Asfaltata;Verticale ed orizzontale;Sereno;Scarso;Buona;Sufficiente;0;0;0;4;;;-1;1;Autovettura privata;In marcia / fermata / arresto;Passeggero;M;Illeso;0;;Utilizzato;Inesistente
1669244;15;29/01/2006 17:00;Strada Urbana;VIA SARZANA;all'intersezione con;VIALE VENTIMIGLIA;VIALE VENTIMIGLIA;;;Scontro frontale/laterale SX fra veicoli in marcia;Incrocio;Una carreggiata a doppio senso;Asciutto;Asfaltata;Verticale ed orizzontale;Sereno;Scarso;Buona;Sufficiente;0;0;0;4;;;-1;2;Autovettura privata;In marcia / fermata / arresto;Conducente;M;Illeso;0;;Utilizzato;Inesistente
1669244;15;29/01/2006 17:00;Strada Urbana;VIA SARZANA;all'intersezione con;VIALE VENTIMIGLIA;VIALE VENTIMIGLIA;;;Scontro frontale/laterale SX fra veicoli in marcia;Incrocio;Una carreggiata a doppio senso;Asciutto;Asfaltata;Verticale ed orizzontale;Sereno;Scarso;Buona;Sufficiente;0;0;0;4;;;-1;2;Autovettura privata;In marcia / fermata / arresto;Passeggero;F;Illeso;0;;Utilizzato;Inesistente
1669245;15;29/01/2006 19:10;Strada Urbana;VIA PORTUENSE;da specificare;;;;uscita Commercity;Tamponamento Multiplo;Rettilineo;Una carreggiata a doppio senso;Asciutto;Asfaltata;Orizzontale;Sereno;Normale;Buona;Inesistente;3;0;0;3;;;-1;1;Autovettura privata;In marcia / fermata / arresto;Conducente;M;Illeso;0;;Utilizzato;Inesistente
1669245;15;29/01/2006 19:10;Strada Urbana;VIA PORTUENSE;da specificare;;;;uscita Commercity;Tamponamento Multiplo;Rettilineo;Una carreggiata a doppio senso;Asciutto;Asfaltata;Orizzontale;Sereno;Normale;Buona;Inesistente;3;0;0;3;;;-1;1;Autovettura privata;In marcia / fermata / arresto;Passeggero;F;Rimandato;0;NON DECEDUTO;Utilizzato;Inesistente
1669245;15;29/01/2006 19:10;Strada Urbana;VIA PORTUENSE;da specificare;;;;uscita Commercity;Tamponamento Multiplo;Rettilineo;Una carreggiata a doppio senso;Asciutto;Asfaltata;Orizzontale;Sereno;Normale;Buona;Inesistente;3;0;0;3;;;-1;2;Autovettura privata;In marcia / fermata / arresto;Conducente;M;Rimandato;0;NON DECEDUTO;Utilizzato;Inesistente
1669245;15;29/01/2006 19:10;Strada Urbana;VIA PORTUENSE;da specificare;;;;uscita Commercity;Tamponamento Multiplo;Rettilineo;Una carreggiata a doppio senso;Asciutto;Asfaltata;Orizzontale;Sereno;Normale;Buona;Inesistente;3;0;0;3;;;-1;2;Autovettura privata;In marcia / fermata / arresto;Passeggero;M;Rimandato;0;NON DECEDUTO;Utilizzato;Inesistente
1669245;15;29/01/2006 19:10;Strada Urbana;VIA PORTUENSE;da specificare;;;;uscita Commercity;Tamponamento Multiplo;Rettilineo;Una carreggiata a doppio senso;Asciutto;Asfaltata;Orizzontale;Sereno;Normale;Buona;Inesistente;3;0;0;3;;;-1;3;Autocarro inferiore 35 q.;In marcia / fermata / arresto;Conducente;M;Illeso;0;;Utilizzato;Inesistente
1669245;15;29/01/2006 19:10;Strada Urbana;VIA PORTUENSE;da specificare;;;;uscita Commercity;Tamponamento Multiplo;Rettilineo;Una carreggiata a doppio senso;Asciutto;Asfaltata;Orizzontale;Sereno;Normale;Buona;Inesistente;3;0;0;3;;;-1;3;Autocarro inferiore 35 q.;In marcia / fermata / arresto;Passeggero;M;Illeso;0;;Utilizzato;Inesistente