Protocollo;Gruppo;DataOraIncidente;Localizzazione1;STRADA1;Localizzazione2;STRADA2;Strada02;Chilometrica;DaSpecificare;NaturaIncidente;particolaritastrade;TipoStrada;FondoStradale;Pavimentazione;Segnaletica;CondizioneAtmosferica;Traffico;Visibilita;Illuminazione;NUM_FERITI;NUM_RISERVATA;NUM_MORTI;NUM_ILLESI;Longitudine;Latitudine;Confermato;Progressivo;TipoVeicolo;StatoVeicolo;TipoPersona;Sesso;Tipolesione;Deceduto;DecedutoDopo;CinturaCascoUtilizzato;Airbag
1669334;12;30/01/2006 09:20;Statale;VIA OSTIENSE;da specificare;;;;rampe in prossimità del GRA;Scontro laterale fra veicoli in marcia;Rettilineo;Due carreggiate;Bagnato (umidità in atto);Asfaltata;Verticale ed orizzontale;Nuvoloso;Intenso;Buona;Ore Diurne;0;0;0;3;;;-1;2;Autocarro superiore 35 q.;In marcia / fermata / arresto;Conducente;M;Illeso;0;;Utilizzato;Inesistente
1669335;12;30/01/2006 12:30;Strada Urbana;VIA LAURENTINA;da specificare;;;;altezza via C. Linati;Veicolo in marcia contro ostacolo accidentale;Rettilineo;Due carreggiate;Bagnato (pioggia);Asfaltata;Orizzontale;Pioggia in atto;Normale;Buona;Ore Diurne;0;0;0;1;;;0;1;Motociclo a solo;In marcia / fermata / arresto;Conducente;M;Illeso;0;;Utilizzato;Inesistente
1669336;12;30/01/2006 20:40;Strada Urbana;VIALE IGNAZIO SILONE;da specificare;;;;prox P.le E. Morante direz C. Levi;Veicolo in marcia contro ostacolo fisso;Rettilineo;Due carreggiate;Bagnato (umidità in atto);Asfaltata;Verticale ed orizzontale;Nuvoloso;Scarso;Sufficiente;Sufficiente;0;0;1;0;;;-1;1;Autovettura privata;In marcia / fermata / arresto;Conducente;M;Deceduto durante trasporto;-1;;Non accertato;Inesploso
1669338;13;30/01/2006 10:15;Strada Urbana;VIALE DI CASTEL PORZIANO;all'intersezione con;VIA DEL CANALE DELLA LINGUA;VIA DEL CANALE DELLA LINGUA;;;Scontro frontale/laterale DX fra veicoli in marcia;Incrocio;Due carreggiate;Bagnato (pioggia);Asfaltata;Assente;Pioggia in atto;Normale;Buona;Ore Diurne;0;0;0;3;;;-1;1;Autovettura privata;In marcia / fermata / arresto;Conducente;M;Illeso;0;;Non accertato;Inesistente
1669338;13;30/01/2006 10:15;Strada Urbana;VIALE DI CASTEL PORZIANO;all'intersezione con;VIA DEL CANALE DELLA LINGUA;VIA DEL CANALE DELLA LINGUA;;;Scontro frontale/laterale DX fra veicoli in marcia;Incrocio;Due carreggiate;Bagnato (pioggia);Asfaltata;Assente;Pioggia in atto;Normale;Buona;Ore Diurne;0;0;0;3;;;-1;2;Autovettura privata;In marcia / fermata / arresto;Conducente;M;Illeso;0;;Non accertato;Inesistente
1669338;13;30/01/2006 10:15;Strada Urbana;VIALE DI CASTEL PORZIANO;all'intersezione con;VIA DEL CANALE DELLA LINGUA;VIA DEL CANALE DELLA LINGUA;;;Scontro frontale/laterale DX fra veicoli in marcia;Incrocio;Due carreggiate;Bagnato (pioggia);Asfaltata;Assente;Pioggia in atto;Normale;Buona;Ore Diurne;0;0;0;3;;;-1;2;Autovettura privata;In marcia / fermata / arresto;Passeggero;F;Illeso;0;;Non accertato;Inesistente
1669339;13;30/01/2006 10:40;Strada Urbana;VIA DELLE FIAMME GIALLE;da specificare;;;;altezza Via E. Almagià;Scontro frontale/laterale SX fra veicoli in marcia;Rettilineo;Una carreggiata a doppio senso;Bagnato (pioggia);Asfaltata;Orizzontale;Pioggia in atto;Normale;Buona;Ore Diurne;1;0;0;1;;;-1;1;Autovettura privata;In marcia / fermata / arresto;Conducente;M;Rimandato;0;NON DECEDUTO;Non accertato;Inesistente
1669339;13;30/01/2006 10:40;Strada Urbana;VIA DELLE FIAMME GIALLE;da specificare;;;;altezza Via E. Almagià;Scontro frontale/laterale SX fra veicoli in marcia;Rettilineo;Una carreggiata a doppio senso;Bagnato (pioggia);Asfaltata;Orizzontale;Pioggia in atto;Normale;Buona;Ore Diurne;1;0;0;1;;;-1;2;Autovettura privata;In marcia / fermata / arresto;Conducente;M;Illeso;0;;Non accertato;Inesistente
1669340;13;30/01/2006 12:45;Strada Urbana;VIA RUTILIO NAMAZIANO;in prossimità;;del civico n. ;22;;Scontro laterale fra veicoli in marcia;Rettilineo;Una carreggiata a senso unico di marcia;Asciutto;Asfaltata;Assente;Nuvoloso;Normale;Buona;Ore Diurne;0;0;0;2;;;-1;1;Autocarro superiore 35 q.;In marcia / fermata / arresto;Conducente;M;Illeso;0;;Non accertato;Inesistente
1669340;13;30/01/2006 12:45;Strada Urbana;VIA RUTILIO NAMAZIANO;in prossimità;;del civico n. ;22;;Scontro laterale fra veicoli in marcia;Rettilineo;Una carreggiata a senso unico di marcia;Asciutto;Asfaltata;Assente;Nuvoloso;Normale;Buona;Ore Diurne;0;0;0;2;;;-1;2;Autovettura privata;In marcia / fermata / arresto;Conducente;M;Illeso;0;;Non accertato;Inesistente
1669341;13;30/01/2006 14:45;Strada Urbana;VIA DOBBIACO;in prossimità;;del civico n. ;39;;Scontro laterale fra veicoli in marcia;Rettilineo;Una carreggiata a doppio senso;Bagnato (pioggia);Asfaltata;Assente;Nuvoloso;Normale;Buona;Ore Diurne;0;0;0;3;;;-1;1;Autovettura privata;In marcia / fermata / arresto;Conducente;F;Illeso;0;;Non accertato;Inesploso
1669341;13;30/01/2006 14:45;Strada Urbana;VIA DOBBIACO;in prossimità;;del civico n. ;39;;Scontro laterale fra veicoli in marcia;Rettilineo;Una carreggiata a doppio senso;Bagnato (pioggia);Asfaltata;Assente;Nuvoloso;Normale;Buona;Ore Diurne;0;0;0;3;;;-1;2;Autovettura privata;In marcia / fermata / arresto;Conducente;F;Illeso;0;;Non accertato;Inesploso
1669341;13;30/01/2006 14:45;Strada Urbana;VIA DOBBIACO;in prossimità;;del civico n. ;39;;Scontro laterale fra veicoli in marcia;Rettilineo;Una carreggiata a doppio senso;Bagnato (pioggia);Asfaltata;Assente;Nuvoloso;Normale;Buona;Ore Diurne;0;0;0;3;;;-1;2;Autovettura privata;In marcia / fermata / arresto;Passeggero;F;Illeso;0;;Non accertato;Inesploso
1669342;13;30/01/2006 15:50;Strada Urbana;VIA DI CASTEL FUSANO;all'intersezione semaforizzata con;VIA OSTIENSE;VIA OSTIENSE;;;Scontro laterale fra veicoli in marcia;Intersezione semaforizzata;Una carreggiata a doppio senso;Asciutto;Asfaltata;Verticale ed orizzontale;Nuvoloso;Intenso;Buona;Ore Diurne;0;0;0;2;;;-1;1;Autocarro inferiore 35 q.;In marcia / fermata / arresto;Conducente;M;Illeso;0;;Esente;Inesistente
1669342;13;30/01/2006 15:50;Strada Urbana;VIA DI CASTEL FUSANO;all'intersezione semaforizzata con;VIA OSTIENSE;VIA OSTIENSE;;;Scontro laterale fra veicoli in marcia;Intersezione semaforizzata;Una carreggiata a doppio senso;Asciutto;Asfaltata;Verticale ed orizzontale;Nuvoloso;Intenso;Buona;Ore Diurne;0;0;0;2;;;-1;2;Autovettura privata;In marcia / fermata / arresto;Conducente;M;Illeso;0;;Non accertato;Inesploso
1669343;13;30/01/2006 17:30;Strada Urbana;VIA DI MACCHIA SAPONARA;in prossimità;;del civico n. ;66;;Scontro frontale/laterale SX fra veicoli in marcia;Rettilineo;Una carreggiata a doppio senso;Bagnato (pioggia);Asfaltata;Orizzontale;Pioggia in atto;Normale;Buona;Sufficiente;0;0;0;2;;;-1;1;Motociclo a solo;In marcia / fermata / arresto;Conducente;M;Illeso;0;;Utilizzato;Inesistente
1669343;13;30/01/2006 17:30;Strada Urbana;VIA DI MACCHIA SAPONARA;in prossimità;;del civico n. ;66;;Scontro frontale/laterale SX fra veicoli in marcia;Rettilineo;Una carreggiata a doppio senso;Bagnato (pioggia);Asfaltata;Orizzontale;Pioggia in atto;Normale;Buona;Sufficiente;0;0;0;2;;;-1;2;Autovettura privata;In marcia / fermata / arresto;Conducente;F;Illeso;0;;Utilizzato;Inesistente
1669344;13;30/01/2006 17:40;Strada Urbana;VIA OSTIENSE;all'intersezione con;VIA DELLA STAZIONE DI OSTIA ANTICA;VIA DELLA STAZIONE DI OSTIA ANTICA;;;Scontro frontale/laterale DX fra veicoli in marcia;Incrocio;Una carreggiata a doppio senso;Bagnato (pioggia);Asfaltata;Verticale ed orizzontale;Nuvoloso;Intenso;Buona;Ore Diurne;3;0;0;1;;;-1;1;Autovettura privata;In marcia / fermata / arresto;Conducente;M;Rimandato;0;NON DECEDUTO;Non accertato;Inesploso
1669344;13;30/01/2006 17:40;Strada Urbana;VIA OSTIENSE;all'intersezione con;VIA DELLA STAZIONE DI OSTIA ANTICA;VIA DELLA STAZIONE DI OSTIA ANTICA;;;Scontro frontale/laterale DX fra veicoli in marcia;Incrocio;Una carreggiata a doppio senso;Bagnato (pioggia);Asfaltata;Verticale ed orizzontale;Nuvoloso;Intenso;Buona;Ore Diurne;3;0;0;1;;;-1;2;Autovettura privata;In marcia / fermata / arresto;Conducente;M;Illeso;0;;Non accertato;Inesploso
1669344;13;30/01/2006 17:40;Strada Urbana;VIA OSTIENSE;all'intersezione con;VIA DELLA STAZIONE DI OSTIA ANTICA;VIA DELLA STAZIONE DI OSTIA ANTICA;;;Scontro frontale/laterale DX fra veicoli in marcia;Incrocio;Una carreggiata a doppio senso;Bagnato (pioggia);Asfaltata;Verticale ed orizzontale;Nuvoloso;Intenso;Buona;Ore Diurne;3;0;0;1;;;-1;2;Autovettura privata;In marcia / fermata / arresto;Passeggero;F;Rimandato;0;NON DECEDUTO;Non accertato;Inesploso
1669344;13;30/01/2006 17:40;Strada Urbana;VIA OSTIENSE;all'intersezione con;VIA DELLA STAZIONE DI OSTIA ANTICA;VIA DELLA STAZIONE DI OSTIA ANTICA;;;Scontro frontale/laterale DX fra veicoli in marcia;Incrocio;Una carreggiata a doppio senso;Bagnato (pioggia);Asfaltata;Verticale ed orizzontale;Nuvoloso;Intenso;Buona;Ore Diurne;3;0;0;1;;;-1;2;Autovettura privata;In marcia / fermata / arresto;Passeggero;F;Rimandato;0;NON DECEDUTO;Non accertato;Inesistente
1669345;15;29/01/2006 11:35;Provinciale entro l'abitato;VIA PORTUENSE;da specificare;;;;prox. svincolo per Roma EUR - Fiumicino;Veicolo in marcia contro ostacolo fisso;Curva a visuale libera;Due carreggiate;Bagnato (pioggia);Asfaltata;Orizzontale;Pioggia in atto;Scarso;Buona;Ore Diurne;0;0;0;2;;;-1;1;Autovettura privata;In marcia / fermata / arresto;Conducente;F;Illeso;0;;Utilizzato;Inesistente
1669345;15;29/01/2006 11:35;Provinciale entro l'abitato;VIA PORTUENSE;da specificare;;;;prox. svincolo per Roma EUR - Fiumicino;Veicolo in marcia contro ostacolo fisso;Curva a visuale libera;Due carreggiate;Bagnato (pioggia);Asfaltata;Orizzontale;Pioggia in atto;Scarso;Buona;Ore Diurne;0;0;0;2;;;-1;1;Autovettura privata;In marcia / fermata / arresto;Passeggero;F;Illeso;0;;Utilizzato;Inesistente
1669346;15;30/01/2006 10:15;Altra strada;VIA PAOLO TRIULZI;da specificare;;;;"prossimità isola ""L"" - pad. 21";Scontro laterale fra veicoli in marcia;Rettilineo;Due carreggiate;Bagnato (pioggia);Asfaltata;Orizzontale;Pioggia in atto;Scarso;Buona;Ore Diurne;0;0;0;2;;;-1;1;Autocarro inferiore 35 q.;In marcia / fermata / arresto;Conducente;M;Illeso;0;;Utilizzato;Inesistente
1669346;15;30/01/2006 10:15;Altra strada;VIA PAOLO TRIULZI;da specificare;;;;"prossimità isola ""L"" - pad. 21";Scontro laterale fra veicoli in marcia;Rettilineo;Due carreggiate;Bagnato (pioggia);Asfaltata;Orizzontale;Pioggia in atto;Scarso;Buona;Ore Diurne;0;0;0;2;;;-1;2;Autovettura privata;In marcia / fermata / arresto;Conducente;M;Illeso;0;;Utilizzato;Inesistente
1669347;15;30/01/2006 13:00;Strada Urbana;VIALE GIUSEPPE SIRTORI;all'intersezione con;VIA ERNESTO TEODORO MONETA;VIA ERNESTO TEODORO MONETA;;;Scontro frontale/laterale DX fra veicoli in marcia;Incrocio;Due carreggiate;Bagnato (pioggia);Asfaltata;Verticale ed orizzontale;Nuvoloso;Normale;Buona;Ore Diurne;1;0;0;2;;;-1;1;Autovettura privata;In marcia / fermata / arresto;Conducente;F;Illeso;0;;Utilizzato;Inesistente
1669347;15;30/01/2006 13:00;Strada Urbana;VIALE GIUSEPPE SIRTORI;all'intersezione con;VIA ERNESTO TEODORO MONETA;VIA ERNESTO TEODORO MONETA;;;Scontro frontale/laterale DX fra veicoli in marcia;Incrocio;Due carreggiate;Bagnato (pioggia);Asfaltata;Verticale ed orizzontale;Nuvoloso;Normale;Buona;Ore Diurne;1;0;0;2;;;-1;1;Autovettura privata;In marcia / fermata / arresto;Passeggero;F;Illeso;0;;Utilizzato;Inesistente
1669347;15;30/01/2006 13:00;Strada Urbana;VIALE GIUSEPPE SIRTORI;all'intersezione con;VIA ERNESTO TEODORO MONETA;VIA ERNESTO TEODORO MONETA;;;Scontro frontale/laterale DX fra veicoli in marcia;Incrocio;Due carreggiate;Bagnato (pioggia);Asfaltata;Verticale ed orizzontale;Nuvoloso;Normale;Buona;Ore Diurne;1;0;0;2;;;-1;2;Autovettura privata;In marcia / fermata / arresto;Conducente;M;Rimandato;0;NON DECEDUTO;Utilizzato;Inesistente
1669348;15;30/01/2006 18:10;Strada Urbana;VIA DELLA MAGLIANA;all'intersezione con;VIA LUIGI DASTI;VIA LUIGI DASTI;;;Scontro frontale/laterale SX fra veicoli in marcia;Incrocio;Una carreggiata a doppio senso;Bagnato (umidità in atto);Asfaltata;Verticale ed orizzontale;Sereno;Intenso;Buona;Sufficiente;0;0;0;2;;;-1;1;Autovettura privata;In marcia / fermata / arresto;Conducente;F;Illeso;0;;Utilizzato;Inesistente
1669348;15;30/01/2006 18:10;Strada Urbana;VIA DELLA MAGLIANA;all'intersezione con;VIA LUIGI DASTI;VIA LUIGI DASTI;;;Scontro frontale/laterale SX fra veicoli in marcia;Incrocio;Una carreggiata a doppio senso;Bagnato (umidità in atto);Asfaltata;Verticale ed orizzontale;Sereno;Intenso;Buona;Sufficiente;0;0;0;2;;;-1;2;Autovettura privata;In marcia / fermata / arresto;Conducente;F;Illeso;0;;Utilizzato;Inesistente
1669349;15;30/01/2006 18:20;Strada Urbana;VIA DELLA PISANA;in prossimità;;del civico n. ;1450/B;;Veicolo in marcia contro ostacolo accidentale;Rettilineo;Una carreggiata a doppio senso;Bagnato (umidità in atto);Asfaltata;Assente;Nuvoloso;Scarso;Sufficiente;Sufficiente;0;0;0;1;;;-1;1;Autovettura privata;In marcia / fermata / arresto;Conducente;M;Illeso;0;;Utilizzato;Inesistente
1669350;15;31/01/2006 07:10;Provinciale;VIA PORTUENSE;in corrispondenza;;del civico n. ;1433;;Scontro laterale fra veicoli in marcia;Rettilineo;Due carreggiate;Asciutto;Asfaltata;Assente;Sereno;Scarso;Buona;Ore Diurne;0;0;0;2;;;-1;1;Autovettura privata;In marcia / fermata / arresto;Conducente;M;Illeso;0;;Utilizzato;Inesistente
1669350;15;31/01/2006 07:10;Provinciale;VIA PORTUENSE;in corrispondenza;;del civico n. ;1433;;Scontro laterale fra veicoli in marcia;Rettilineo;Due carreggiate;Asciutto;Asfaltata;Assente;Sereno;Scarso;Buona;Ore Diurne;0;0;0;2;;;-1;2;Autocarro inferiore 35 q.;In marcia / fermata / arresto;Conducente;M;Illeso;0;;Utilizzato;Inesistente
1669360;17;13/01/2006 22:15;Strada Urbana;VIA VESPASIANO;all'intersezione con;VIA DEGLI SCIPIONI;VIA DEGLI SCIPIONI;;;Scontro frontale/laterale SX fra veicoli in marcia;Intersezione stradale segnalata;Una carreggiata a senso unico di marcia;Asciutto;Asfaltata;Verticale ed orizzontale;Sereno;Scarso;Buona;Sufficiente;3;0;0;1;;;-1;1;Autovettura privata;In marcia / fermata / arresto;Conducente;M;Rifiuta cure immediate;0;NON DECEDUTO;Utilizzato;Inesistente
1669360;17;13/01/2006 22:15;Strada Urbana;VIA VESPASIANO;all'intersezione con;VIA DEGLI SCIPIONI;VIA DEGLI SCIPIONI;;;Scontro frontale/laterale SX fra veicoli in marcia;Intersezione stradale segnalata;Una carreggiata a senso unico di marcia;Asciutto;Asfaltata;Verticale ed orizzontale;Sereno;Scarso;Buona;Sufficiente;3;0;0;1;;;-1;1;Autovettura privata;In marcia / fermata / arresto;Passeggero;F;Rifiuta cure immediate;0;NON DECEDUTO;Non accertato;Inesistente
1669360;17;13/01/2006 22:15;Strada Urbana;VIA VESPASIANO;all'intersezione con;VIA DEGLI SCIPIONI;VIA DEGLI SCIPIONI;;;Scontro frontale/laterale SX fra veicoli in marcia;Intersezione stradale segnalata;Una carreggiata a senso unico di marcia;Asciutto;Asfaltata;Verticale ed orizzontale;Sereno;Scarso;Buona;Sufficiente;3;0;0;1;;;-1;2;Autovettura privata;In marcia / fermata / arresto;Conducente;M;Rifiuta cure immediate;0;NON DECEDUTO;Utilizzato;Esploso
1669360;17;13/01/2006 22:15;Strada Urbana;VIA VESPASIANO;all'intersezione con;VIA DEGLI SCIPIONI;VIA DEGLI SCIPIONI;;;Scontro frontale/laterale SX fra veicoli in marcia;Intersezione stradale segnalata;Una carreggiata a senso unico di marcia;Asciutto;Asfaltata;Verticale ed orizzontale;Sereno;Scarso;Buona;Sufficiente;3;0;0;1;;;-1;2;Autovettura privata;In marcia / fermata / arresto;Passeggero;F;Illeso;0;;Utilizzato;Esploso
1669361;18;26/01/2006 15:45;Strada Urbana;VIA BALDO DEGLI UBALDI;all'intersezione con;VIA GIROLAMO VITELLI;VIA GIROLAMO VITELLI;;;Scontro laterale fra veicoli in marcia;Incrocio;Due carreggiate;Bagnato (umidità in atto);Asfaltata;Verticale ed orizzontale;Nuvoloso;Normale;Buona;Ore Diurne;1;0;0;1;;;-1;1;Autovettura privata;In marcia / fermata / arresto;Conducente;M;Illeso;0;;Non accertato;Inesistente
1669361;18;26/01/2006 15:45;Strada Urbana;VIA BALDO DEGLI UBALDI;all'intersezione con;VIA GIROLAMO VITELLI;VIA GIROLAMO VITELLI;;;Scontro laterale fra veicoli in marcia;Incrocio;Due carreggiate;Bagnato (umidità in atto);Asfaltata;Verticale ed orizzontale;Nuvoloso;Normale;Buona;Ore Diurne;1;0;0;1;;;-1;2;Ciclomotore;In marcia / fermata / arresto;Conducente;M;Rimandato;0;NON DECEDUTO;Non accertato;Inesistente
1669362;18;27/01/2006 00:05;Strada Urbana;VIA DELLA STAZIONE AURELIA;da specificare;;;;nei pressi della via aurelia;Veicolo in marcia contro ostacolo fisso;Rettilineo;Una carreggiata a doppio senso;Asciutto;Asfaltata;Assente;Nuvoloso;Scarso;Sufficiente;Sufficiente;0;0;0;1;;;-1;1;Autovettura privata;In marcia / fermata / arresto;Conducente;F;Illeso;0;;Non accertato;Esploso
1669363;18;27/01/2006 11:50;Strada Urbana;VIA ANDREA FERRARA;in prossimità;;del civico n. ;33;;Veicolo in marcia contro veicolo fermo;Rettilineo;Una carreggiata a doppio senso;Bagnato (pioggia);Asfaltata;Assente;Nuvoloso;Normale;Buona;Ore Diurne;0;0;0;2;;;-1;1;Autovettura privata;In marcia / fermata / arresto;Conducente;M;Illeso;0;;Non accertato;Inesistente
1669363;18;27/01/2006 11:50;Strada Urbana;VIA ANDREA FERRARA;in prossimità;;del civico n. ;33;;Veicolo in marcia contro veicolo fermo;Rettilineo;Una carreggiata a doppio senso;Bagnato (pioggia);Asfaltata;Assente;Nuvoloso;Normale;Buona;Ore Diurne;0;0;0;2;;;-1;2;Autovettura privata;In marcia / fermata / arresto;Conducente;M;Illeso;0;;Non accertato;Inesistente
1669364;18;28/01/2006 15:30;Strada Urbana;VIA DELLA MAGLIANELLA;da specificare;;;;in prossimità di via Cornelia;Veicolo in marcia contro ostacolo accidentale;Curva a visuale libera;Una carreggiata a doppio senso;Asciutto;Asfaltata;Assente;Nuvoloso;Normale;Sufficiente;Ore Diurne;0;0;0;1;;;-1;1;Autobus di linea;In marcia / fermata / arresto;Conducente;M;Illeso;0;;Non accertato;Inesistente
1669365;18;28/01/2006 18:00;Strada Urbana;VIA DELLA PINETA SACCHETTI;da specificare;;;;in prossimità di via Eugenio IV;Tamponamento Multiplo;Rettilineo;Una carreggiata a doppio senso;Asciutto;Asfaltata;Verticale ed orizzontale;Sereno;Intenso;Buona;Sufficiente;0;0;0;5;;;-1;1;Ciclomotore;In marcia / fermata / arresto;Conducente;F;Illeso;0;;Non accertato;Inesistente
1669365;18;28/01/2006 18:00;Strada Urbana;VIA DELLA PINETA SACCHETTI;da specificare;;;;in prossimità di via Eugenio IV;Tamponamento Multiplo;Rettilineo;Una carreggiata a doppio senso;Asciutto;Asfaltata;Verticale ed orizzontale;Sereno;Intenso;Buona;Sufficiente;0;0;0;5;;;-1;2;Autovettura privata;In marcia / fermata / arresto;Conducente;M;Illeso;0;;Non accertato;Inesistente
1669365;18;28/01/2006 18:00;Strada Urbana;VIA DELLA PINETA SACCHETTI;da specificare;;;;in prossimità di via Eugenio IV;Tamponamento Multiplo;Rettilineo;Una carreggiata a doppio senso;Asciutto;Asfaltata;Verticale ed orizzontale;Sereno;Intenso;Buona;Sufficiente;0;0;0;5;;;-1;3;Autovettura privata;In marcia / fermata / arresto;Conducente;F;Illeso;0;;Non accertato;Inesistente
1669365;18;28/01/2006 18:00;Strada Urbana;VIA DELLA PINETA SACCHETTI;da specificare;;;;in prossimità di via Eugenio IV;Tamponamento Multiplo;Rettilineo;Una carreggiata a doppio senso;Asciutto;Asfaltata;Verticale ed orizzontale;Sereno;Intenso;Buona;Sufficiente;0;0;0;5;;;-1;3;Autovettura privata;In marcia / fermata / arresto;Passeggero;M;Illeso;0;;Non accertato;Inesistente
1669365;18;28/01/2006 18:00;Strada Urbana;VIA DELLA PINETA SACCHETTI;da specificare;;;;in prossimità di via Eugenio IV;Tamponamento Multiplo;Rettilineo;Una carreggiata a doppio senso;Asciutto;Asfaltata;Verticale ed orizzontale;Sereno;Intenso;Buona;Sufficiente;0;0;0;5;;;-1;4;Ciclomotore;In marcia / fermata / arresto;Conducente;M;Illeso;0;;Non accertato;Inesistente
1669366;18;28/01/2006 19:45;Strada Urbana;VIA AURELIA;all'intersezione con;VIA PIETRO CIRIACI;VIA PIETRO CIRIACI;;;Scontro laterale fra veicoli in marcia;Intersezione stradale segnalata;Una carreggiata a doppio senso;Asciutto;Asfaltata;Orizzontale;Sereno;Normale;Sufficiente;Sufficiente;0;0;0;3;;;-1;1;Autovettura privata;In marcia / fermata / arresto;Conducente;M;Illeso;0;;Non utilizzato;Inesistente
1669366;18;28/01/2006 19:45;Strada Urbana;VIA AURELIA;all'intersezione con;VIA PIETRO CIRIACI;VIA PIETRO CIRIACI;;;Scontro laterale fra veicoli in marcia;Intersezione stradale segnalata;Una carreggiata a doppio senso;Asciutto;Asfaltata;Orizzontale;Sereno;Normale;Sufficiente;Sufficiente;0;0;0;3;;;-1;2;Autovettura privata;In marcia / fermata / arresto;Conducente;M;Illeso;0;;Non accertato;Inesistente
1669366;18;28/01/2006 19:45;Strada Urbana;VIA AURELIA;all'intersezione con;VIA PIETRO CIRIACI;VIA PIETRO CIRIACI;;;Scontro laterale fra veicoli in marcia;Intersezione stradale segnalata;Una carreggiata a doppio senso;Asciutto;Asfaltata;Orizzontale;Sereno;Normale;Sufficiente;Sufficiente;0;0;0;3;;;-1;2;Autovettura privata;In marcia / fermata / arresto;Passeggero;M;Illeso;0;;Non accertato;Inesistente
1669367;18;29/01/2006 11:30;Strada Urbana;VIA DEL PODERE DI S. GIUSTO;all'intersezione con;VIA DEL QUARTACCIO;VIA DEL QUARTACCIO;;;Tamponamento;Incrocio;Due carreggiate;Bagnato (pioggia);Asfaltata;Verticale;Pioggia in atto;Scarso;Buona;Ore Diurne;0;0;0;3;;;-1;1;Autovettura privata;In marcia / fermata / arresto;Conducente;M;Illeso;0;;Utilizzato;Inesistente
1669367;18;29/01/2006 11:30;Strada Urbana;VIA DEL PODERE DI S. GIUSTO;all'intersezione con;VIA DEL QUARTACCIO;VIA DEL QUARTACCIO;;;Tamponamento;Incrocio;Due carreggiate;Bagnato (pioggia);Asfaltata;Verticale;Pioggia in atto;Scarso;Buona;Ore Diurne;0;0;0;3;;;-1;1;Autovettura privata;In marcia / fermata / arresto;Passeggero;F;Illeso;0;;Utilizzato;Inesploso
1669367;18;29/01/2006 11:30;Strada Urbana;VIA DEL PODERE DI S. GIUSTO;all'intersezione con;VIA DEL QUARTACCIO;VIA DEL QUARTACCIO;;;Tamponamento;Incrocio;Due carreggiate;Bagnato (pioggia);Asfaltata;Verticale;Pioggia in atto;Scarso;Buona;Ore Diurne;0;0;0;3;;;-1;2;Autovettura privata;In marcia / fermata / arresto;Conducente;M;Illeso;0;;Non accertato;Inesistente
1669368;18;29/01/2006 12:00;Strada Urbana;VIA DELLE FORNACI;in prossimità;;del civico n. ;205;;Scontro laterale fra veicoli in marcia;Rettilineo;Una carreggiata a doppio senso;Bagnato (pioggia);Asfaltata;Assente;Pioggia in atto;Scarso;Buona;Ore Diurne;0;0;0;2;;;-1;1;Autovettura privata;In marcia / fermata / arresto;Conducente;M;Illeso;0;;Non utilizzato;Inesistente
1669368;18;29/01/2006 12:00;Strada Urbana;VIA DELLE FORNACI;in prossimità;;del civico n. ;205;;Scontro laterale fra veicoli in marcia;Rettilineo;Una carreggiata a doppio senso;Bagnato (pioggia);Asfaltata;Assente;Pioggia in atto;Scarso;Buona;Ore Diurne;0;0;0;2;;;-1;2;Autovettura privata;In marcia / fermata / arresto;Conducente;M;Illeso;0;;Non accertato;Inesistente
1669369;18;29/01/2006 17:40;Strada Urbana;VIA DI CASAL SELCE;in corrispondenza;;del civico n. ;134;;Veicolo in marcia contro ostacolo fisso;Curva a visuale libera;Una carreggiata a doppio senso;Bagnato (umidità in atto);Con buche;Assente;Nuvoloso;Scarso;Insufficiente;Inesistente;0;0;0;1;;;-1;1;Autovettura privata;In marcia / fermata / arresto;Conducente;M;Illeso;0;;Non accertato;Inesploso
1669370;18;29/01/2006 17:55;Strada Urbana;VIA DI BOCCEA;da specificare;;;;in prossimità di via Mattia Battistini;Scontro laterale fra veicoli in marcia;Pendenza;Una carreggiata a senso unico di marcia;Bagnato (umidità in atto);Asfaltata;Verticale ed orizzontale;Nuvoloso;Normale;Sufficiente;Sufficiente;0;0;0;5;;;-1;1;Autovettura privata;In marcia / fermata / arresto;Conducente;M;Illeso;0;;Non accertato;Inesistente
1669370;18;29/01/2006 17:55;Strada Urbana;VIA DI BOCCEA;da specificare;;;;in prossimità di via Mattia Battistini;Scontro laterale fra veicoli in marcia;Pendenza;Una carreggiata a senso unico di marcia;Bagnato (umidità in atto);Asfaltata;Verticale ed orizzontale;Nuvoloso;Normale;Sufficiente;Sufficiente;0;0;0;5;;;-1;1;Autovettura privata;In marcia / fermata / arresto;Passeggero;F;Illeso;0;;Non accertato;Inesistente
1669370;18;29/01/2006 17:55;Strada Urbana;VIA DI BOCCEA;da specificare;;;;in prossimità di via Mattia Battistini;Scontro laterale fra veicoli in marcia;Pendenza;Una carreggiata a senso unico di marcia;Bagnato (umidità in atto);Asfaltata;Verticale ed orizzontale;Nuvoloso;Normale;Sufficiente;Sufficiente;0;0;0;5;;;-1;1;Autovettura privata;In marcia / fermata / arresto;Passeggero;M;Illeso;0;;Non accertato;Inesistente